i,j,x_upper,y_upper,x_lower,y_lower
0,0,1712,1162,1712,1162
0,0,1712.05,1162.56,1712.05,1161.44
0,0,1712.2,1163.12,1712.2,1160.88
0,0,1712.45,1163.66,1712.45,1160.34
0,0,1712.8,1164.2,1712.8,1159.8
0,0,1713.26,1164.73,1713.26,1159.27
0,0,1713.81,1165.25,1713.81,1158.75
0,0,1714.46,1165.76,1714.46,1158.24
0,0,1715.21,1166.26,1715.21,1157.74
0,0,1716.05,1166.75,1716.05,1157.25
0,0,1716.99,1167.23,1716.99,1156.77
0,0,1718.03,1167.69,1718.03,1156.31
0,0,1719.16,1168.15,1719.16,1155.85
0,0,1720.39,1168.59,1720.39,1155.41
0,0,1721.71,1169.02,1721.71,1154.98
0,0,1723.12,1169.43,1723.12,1154.57
0,0,1724.62,1169.83,1724.62,1154.17
0,0,1726.2,1170.22,1726.2,1153.78
0,0,1727.87,1170.59,1727.87,1153.41
0,0,1729.63,1170.94,1729.63,1153.06
0,0,1731.47,1171.28,1731.47,1152.72
0,0,1733.39,1171.59,1733.39,1152.41
0,0,1735.4,1171.89,1735.4,1152.11
0,0,1737.47,1172.17,1737.47,1151.83
0,0,1739.63,1172.43,1739.63,1151.57
0,0,1741.85,1172.68,1741.85,1151.32
0,0,1744.15,1172.9,1744.15,1151.1
0,0,1746.51,1173.1,1746.51,1150.9
0,0,1748.94,1173.28,1748.94,1150.72
0,0,1751.44,1173.44,1751.44,1150.56
0,0,1753.99,1173.58,1753.99,1150.42
0,0,1756.61,1173.7,1756.61,1150.3
0,0,1759.28,1173.8,1759.28,1150.2
0,0,1762,1173.88,1762,1150.12
0,0,1764.77,1173.94,1764.77,1150.06
0,0,1767.59,1173.98,1767.59,1150.02
0,0,1770.46,1174,1770.46,1150
0,0,1773.37,1174,1773.37,1150
0,0,1776.31,1173.98,1776.31,1150.02
0,0,1779.29,1173.95,1779.29,1150.05
0,0,1782.31,1173.89,1782.31,1150.11
0,0,1785.35,1173.82,1785.35,1150.18
0,0,1788.42,1173.73,1788.42,1150.27
0,0,1791.52,1173.62,1791.52,1150.38
0,0,1794.64,1173.5,1794.64,1150.5
0,0,1797.77,1173.37,1797.77,1150.63
0,0,1800.92,1173.22,1800.92,1150.78
0,0,1804.08,1173.05,1804.08,1150.95
0,0,1807.24,1172.88,1807.24,1151.12
0,0,1810.41,1172.69,1810.41,1151.31
0,0,1813.59,1172.49,1813.59,1151.51
0,0,1816.76,1172.28,1816.76,1151.72
0,0,1819.92,1172.05,1819.92,1151.95
0,0,1823.08,1171.82,1823.08,1152.18
0,0,1826.23,1171.59,1826.23,1152.41
0,0,1829.36,1171.34,1829.36,1152.66
0,0,1832.48,1171.09,1832.48,1152.91
0,0,1835.58,1170.83,1835.58,1153.17
0,0,1838.65,1170.56,1838.65,1153.44
0,0,1841.69,1170.29,1841.69,1153.71
0,0,1844.71,1170.02,1844.71,1153.98
0,0,1847.69,1169.74,1847.69,1154.26
0,0,1850.63,1169.46,1850.63,1154.54
0,0,1853.54,1169.18,1853.54,1154.82
0,0,1856.41,1168.89,1856.41,1155.11
0,0,1859.23,1168.61,1859.23,1155.39
0,0,1862,1168.32,1862,1155.68
0,0,1864.72,1168.03,1864.72,1155.97
0,0,1867.39,1167.75,1867.39,1156.25
0,0,1870.01,1167.47,1870.01,1156.53
0,0,1872.56,1167.18,1872.56,1156.82
0,0,1875.06,1166.9,1875.06,1157.1
0,0,1877.49,1166.63,1877.49,1157.37
0,0,1879.85,1166.36,1879.85,1157.64
0,0,1882.15,1166.09,1882.15,1157.91
0,0,1884.37,1165.82,1884.37,1158.18
0,0,1886.53,1165.57,1886.53,1158.43
0,0,1888.6,1165.31,1888.6,1158.69
0,0,1890.61,1165.07,1890.61,1158.93
0,0,1892.53,1164.83,1892.53,1159.17
0,0,1894.37,1164.6,1894.37,1159.4
0,0,1896.13,1164.38,1896.13,1159.62
0,0,1897.8,1164.16,1897.8,1159.84
0,0,1899.38,1163.96,1899.38,1160.04
0,0,1900.88,1163.76,1900.88,1160.24
0,0,1902.29,1163.57,1902.29,1160.43
0,0,1903.61,1163.4,1903.61,1160.6
0,0,1904.84,1163.24,1904.84,1160.76
0,0,1905.97,1163.08,1905.97,1160.92
0,0,1907.01,1162.94,1907.01,1161.06
0,0,1907.95,1162.81,1907.95,1161.19
0,0,1908.79,1162.7,1908.79,1161.3
0,0,1909.54,1162.59,1909.54,1161.41
0,0,1910.19,1162.5,1910.19,1161.5
0,0,1910.74,1162.43,1910.74,1161.57
0,0,1911.2,1162.36,1911.2,1161.64
0,0,1911.55,1162.32,1911.55,1161.68
0,0,1911.8,1162.28,1911.8,1161.72
0,0,1911.95,1162.26,1911.95,1161.74
0,0,1912,1162.25,1912,1161.75
0,1,2212.55,1154.64,2212.55,1154.64
0,1,2212.51,1155.2,2212.68,1154.09
0,1,2212.58,1155.77,2212.91,1153.56
0,1,2212.75,1156.35,2213.24,1153.06
0,1,2213.02,1156.93,2213.66,1152.58
0,1,2213.39,1157.52,2214.19,1152.12
0,1,2213.85,1158.11,2214.81,1151.69
0,1,2214.42,1158.71,2215.53,1151.28
0,1,2215.09,1159.32,2216.34,1150.9
0,1,2215.85,1159.93,2217.25,1150.54
0,1,2216.71,1160.54,2218.25,1150.2
0,1,2217.67,1161.16,2219.35,1149.89
0,1,2218.72,1161.77,2220.54,1149.61
0,1,2219.87,1162.39,2221.81,1149.35
0,1,2221.11,1163.01,2223.18,1149.12
0,1,2222.45,1163.63,2224.64,1148.92
0,1,2223.87,1164.24,2226.18,1148.74
0,1,2225.38,1164.86,2227.8,1148.6
0,1,2226.98,1165.47,2229.51,1148.48
0,1,2228.67,1166.08,2231.3,1148.39
0,1,2230.44,1166.68,2233.17,1148.33
0,1,2232.29,1167.27,2235.12,1148.3
0,1,2234.23,1167.87,2237.14,1148.3
0,1,2236.24,1168.45,2239.24,1148.33
0,1,2238.33,1169.02,2241.41,1148.39
0,1,2240.5,1169.59,2243.64,1148.47
0,1,2242.74,1170.15,2245.95,1148.59
0,1,2245.05,1170.7,2248.32,1148.74
0,1,2247.43,1171.23,2250.75,1148.92
0,1,2249.87,1171.76,2253.24,1149.13
0,1,2252.38,1172.28,2255.79,1149.36
0,1,2254.94,1172.78,2258.39,1149.63
0,1,2257.57,1173.27,2261.05,1149.92
0,1,2260.25,1173.75,2263.75,1150.25
0,1,2262.98,1174.22,2266.5,1150.6
0,1,2265.77,1174.67,2269.3,1150.97
0,1,2268.6,1175.12,2272.13,1151.38
0,1,2271.47,1175.54,2275.01,1151.8
0,1,2274.39,1175.96,2277.92,1152.26
0,1,2277.35,1176.36,2280.86,1152.73
0,1,2280.34,1176.75,2283.84,1153.23
0,1,2283.36,1177.13,2286.84,1153.75
0,1,2286.41,1177.49,2289.86,1154.29
0,1,2289.49,1177.84,2292.91,1154.85
0,1,2292.59,1178.18,2295.97,1155.43
0,1,2295.7,1178.51,2299.05,1156.03
0,1,2298.84,1178.83,2302.14,1156.64
0,1,2301.99,1179.13,2305.24,1157.27
0,1,2305.15,1179.42,2308.35,1157.91
0,1,2308.31,1179.7,2311.46,1158.56
0,1,2311.48,1179.97,2314.57,1159.23
0,1,2314.65,1180.23,2317.67,1159.9
0,1,2317.81,1180.48,2320.77,1160.59
0,1,2320.97,1180.71,2323.86,1161.28
0,1,2324.12,1180.94,2326.94,1161.98
0,1,2327.25,1181.16,2330.01,1162.68
0,1,2330.37,1181.37,2333.05,1163.39
0,1,2333.47,1181.57,2336.07,1164.11
0,1,2336.55,1181.76,2339.07,1164.82
0,1,2339.6,1181.94,2342.04,1165.54
0,1,2342.62,1182.11,2344.99,1166.25
0,1,2345.61,1182.28,2347.89,1166.96
0,1,2348.57,1182.43,2350.77,1167.68
0,1,2351.49,1182.58,2353.6,1168.38
0,1,2354.36,1182.72,2356.39,1169.09
0,1,2357.19,1182.85,2359.14,1169.79
0,1,2359.98,1182.98,2361.84,1170.48
0,1,2362.71,1183.1,2364.49,1171.16
0,1,2365.4,1183.21,2367.09,1171.84
0,1,2368.02,1183.31,2369.63,1172.5
0,1,2370.59,1183.41,2372.12,1173.16
0,1,2373.1,1183.5,2374.54,1173.8
0,1,2375.54,1183.59,2376.91,1174.43
0,1,2377.92,1183.67,2379.21,1175.05
0,1,2380.24,1183.74,2381.44,1175.65
0,1,2382.48,1183.81,2383.6,1176.24
0,1,2384.64,1183.87,2385.69,1176.81
0,1,2386.74,1183.92,2387.71,1177.37
0,1,2388.75,1183.98,2389.65,1177.91
0,1,2390.69,1184.02,2391.52,1178.43
0,1,2392.54,1184.07,2393.31,1178.93
0,1,2394.31,1184.1,2395.01,1179.41
0,1,2396,1184.14,2396.64,1179.86
0,1,2397.6,1184.17,2398.17,1180.3
0,1,2399.11,1184.2,2399.63,1180.71
0,1,2400.53,1184.22,2400.99,1181.11
0,1,2401.86,1184.24,2402.27,1181.47
0,1,2403.1,1184.26,2403.46,1181.82
0,1,2404.24,1184.28,2404.56,1182.13
0,1,2405.29,1184.29,2405.56,1182.43
0,1,2406.24,1184.3,2406.48,1182.69
0,1,2407.09,1184.31,2407.3,1182.93
0,1,2407.85,1184.32,2408.02,1183.14
0,1,2408.5,1184.33,2408.65,1183.33
0,1,2409.06,1184.33,2409.18,1183.48
0,1,2409.51,1184.33,2409.62,1183.61
0,1,2409.87,1184.34,2409.96,1183.71
0,1,2410.12,1184.34,2410.21,1183.79
0,1,2410.28,1184.34,2410.35,1183.83
0,1,2410.33,1184.34,2410.4,1183.84
0,2,2713.48,1149.92,2713.48,1149.92
0,2,2713.39,1150.48,2713.67,1149.39
0,2,2713.41,1151.05,2713.95,1148.89
0,2,2713.52,1151.64,2714.32,1148.42
0,2,2713.73,1152.25,2714.79,1147.98
0,2,2714.04,1152.87,2715.36,1147.58
0,2,2714.45,1153.51,2716.02,1147.21
0,2,2714.96,1154.16,2716.77,1146.87
0,2,2715.56,1154.83,2717.62,1146.56
0,2,2716.26,1155.51,2718.56,1146.29
0,2,2717.06,1156.2,2719.59,1146.06
0,2,2717.96,1156.9,2720.71,1145.85
0,2,2718.95,1157.62,2721.92,1145.68
0,2,2720.03,1158.34,2723.21,1145.55
0,2,2721.2,1159.08,2724.6,1145.45
0,2,2722.47,1159.82,2726.06,1145.39
0,2,2723.83,1160.57,2727.62,1145.37
0,2,2725.28,1161.33,2729.25,1145.38
0,2,2726.81,1162.09,2730.96,1145.42
0,2,2728.43,1162.86,2732.75,1145.5
0,2,2730.14,1163.63,2734.62,1145.62
0,2,2731.92,1164.4,2736.56,1145.78
0,2,2733.79,1165.17,2738.57,1145.97
0,2,2735.74,1165.95,2740.66,1146.2
0,2,2737.77,1166.72,2742.81,1146.47
0,2,2739.87,1167.49,2745.03,1146.77
0,2,2742.05,1168.26,2747.31,1147.11
0,2,2744.29,1169.03,2749.65,1147.49
0,2,2746.61,1169.79,2752.06,1147.9
0,2,2748.99,1170.55,2754.52,1148.35
0,2,2751.43,1171.31,2757.03,1148.83
0,2,2753.94,1172.05,2759.6,1149.34
0,2,2756.51,1172.8,2762.21,1149.89
0,2,2759.13,1173.53,2764.87,1150.47
0,2,2761.81,1174.26,2767.58,1151.08
0,2,2764.53,1174.98,2770.32,1151.73
0,2,2767.31,1175.69,2773.11,1152.4
0,2,2770.13,1176.39,2775.93,1153.1
0,2,2772.99,1177.09,2778.78,1153.83
0,2,2775.89,1177.77,2781.67,1154.59
0,2,2778.83,1178.44,2784.58,1155.37
0,2,2781.81,1179.11,2787.52,1156.17
0,2,2784.81,1179.77,2790.48,1157
0,2,2787.84,1180.41,2793.45,1157.85
0,2,2790.89,1181.05,2796.45,1158.72
0,2,2793.96,1181.67,2799.46,1159.61
0,2,2797.05,1182.29,2802.47,1160.52
0,2,2800.16,1182.89,2805.5,1161.44
0,2,2803.27,1183.48,2808.53,1162.38
0,2,2806.4,1184.07,2811.56,1163.33
0,2,2809.53,1184.64,2814.59,1164.29
0,2,2812.65,1185.2,2817.62,1165.26
0,2,2815.78,1185.75,2820.64,1166.24
0,2,2818.9,1186.29,2823.65,1167.22
0,2,2822.01,1186.82,2826.64,1168.22
0,2,2825.11,1187.34,2829.63,1169.21
0,2,2828.2,1187.85,2832.59,1170.21
0,2,2831.26,1188.34,2835.53,1171.21
0,2,2834.31,1188.83,2838.45,1172.21
0,2,2837.33,1189.3,2841.33,1173.21
0,2,2840.32,1189.76,2844.19,1174.2
0,2,2843.28,1190.21,2847.02,1175.19
0,2,2846.21,1190.65,2849.81,1176.17
0,2,2849.1,1191.08,2852.56,1177.15
0,2,2851.94,1191.5,2855.28,1178.12
0,2,2854.75,1191.9,2857.94,1179.08
0,2,2857.51,1192.29,2860.56,1180.03
0,2,2860.22,1192.67,2863.14,1180.96
0,2,2862.88,1193.04,2865.66,1181.88
0,2,2865.49,1193.4,2868.13,1182.79
0,2,2868.03,1193.74,2870.54,1183.68
0,2,2870.52,1194.07,2872.89,1184.55
0,2,2872.95,1194.39,2875.18,1185.41
0,2,2875.31,1194.7,2877.41,1186.24
0,2,2877.6,1194.99,2879.58,1187.06
0,2,2879.82,1195.28,2881.67,1187.85
0,2,2881.98,1195.55,2883.7,1188.62
0,2,2884.05,1195.8,2885.65,1189.37
0,2,2886.05,1196.05,2887.54,1190.09
0,2,2887.98,1196.28,2889.34,1190.79
0,2,2889.82,1196.5,2891.07,1191.46
0,2,2891.58,1196.71,2892.73,1192.1
0,2,2893.25,1196.91,2894.3,1192.71
0,2,2894.84,1197.09,2895.79,1193.29
0,2,2896.34,1197.26,2897.19,1193.85
0,2,2897.76,1197.42,2898.52,1194.37
0,2,2899.08,1197.57,2899.75,1194.85
0,2,2900.31,1197.71,2900.9,1195.31
0,2,2901.44,1197.83,2901.97,1195.73
0,2,2902.48,1197.95,2902.94,1196.12
0,2,2903.43,1198.05,2903.82,1196.47
0,2,2904.28,1198.14,2904.61,1196.79
0,2,2905.03,1198.22,2905.32,1197.07
0,2,2905.68,1198.29,2905.92,1197.31
0,2,2906.23,1198.35,2906.44,1197.52
0,2,2906.69,1198.4,2906.86,1197.69
0,2,2907.04,1198.44,2907.19,1197.82
0,2,2907.29,1198.46,2907.43,1197.92
0,2,2907.45,1198.48,2907.57,1197.98
0,2,2907.5,1198.48,2907.62,1197.99
0,3,3213.62,1149.39,3213.62,1149.39
0,3,3213.52,1149.95,3213.81,1148.86
0,3,3213.53,1150.52,3214.09,1148.36
0,3,3213.64,1151.11,3214.47,1147.9
0,3,3213.84,1151.72,3214.95,1147.47
0,3,3214.14,1152.35,3215.52,1147.07
0,3,3214.55,1152.99,3216.18,1146.7
0,3,3215.05,1153.65,3216.94,1146.37
0,3,3215.64,1154.32,3217.79,1146.08
0,3,3216.34,1155.01,3218.73,1145.82
0,3,3217.13,1155.71,3219.77,1145.59
0,3,3218.02,1156.42,3220.89,1145.4
0,3,3219,1157.15,3222.1,1145.25
0,3,3220.07,1157.88,3223.4,1145.13
0,3,3221.24,1158.63,3224.78,1145.05
0,3,3222.5,1159.39,3226.25,1145
0,3,3223.85,1160.15,3227.8,1144.99
0,3,3225.29,1160.93,3229.43,1145.02
0,3,3226.81,1161.7,3231.14,1145.08
0,3,3228.42,1162.49,3232.93,1145.19
0,3,3230.12,1163.28,3234.8,1145.33
0,3,3231.9,1164.07,3236.74,1145.5
0,3,3233.76,1164.86,3238.75,1145.72
0,3,3235.7,1165.66,3240.83,1145.97
0,3,3237.72,1166.45,3242.98,1146.26
0,3,3239.81,1167.25,3245.2,1146.59
0,3,3241.98,1168.04,3247.47,1146.95
0,3,3244.22,1168.83,3249.81,1147.35
0,3,3246.52,1169.62,3252.21,1147.79
0,3,3248.89,1170.41,3254.67,1148.26
0,3,3251.33,1171.19,3257.17,1148.77
0,3,3253.83,1171.97,3259.73,1149.32
0,3,3256.39,1172.73,3262.34,1149.89
0,3,3259,1173.5,3265,1150.5
0,3,3261.67,1174.26,3267.69,1151.14
0,3,3264.39,1175,3270.43,1151.82
0,3,3267.16,1175.75,3273.21,1152.52
0,3,3269.97,1176.48,3276.02,1153.25
0,3,3272.83,1177.2,3278.87,1154.01
0,3,3275.72,1177.92,3281.75,1154.8
0,3,3278.65,1178.63,3284.65,1155.62
0,3,3281.62,1179.33,3287.58,1156.45
0,3,3284.61,1180.01,3290.53,1157.31
0,3,3287.63,1180.69,3293.5,1158.2
0,3,3290.68,1181.36,3296.48,1159.1
0,3,3293.75,1182.02,3299.48,1160.02
0,3,3296.83,1182.67,3302.49,1160.96
0,3,3299.93,1183.31,3305.5,1161.92
0,3,3303.04,1183.93,3308.52,1162.89
0,3,3306.15,1184.55,3311.54,1163.87
0,3,3309.27,1185.16,3314.56,1164.86
0,3,3312.4,1185.75,3317.58,1165.87
0,3,3315.52,1186.34,3320.59,1166.88
0,3,3318.63,1186.91,3323.59,1167.9
0,3,3321.74,1187.48,3326.57,1168.92
0,3,3324.83,1188.03,3329.54,1169.95
0,3,3327.91,1188.57,3332.49,1170.98
0,3,3330.97,1189.1,3335.42,1172.01
0,3,3334.01,1189.62,3338.33,1173.04
0,3,3337.02,1190.12,3341.21,1174.07
0,3,3340.01,1190.62,3344.06,1175.1
0,3,3342.97,1191.1,3346.87,1176.12
0,3,3345.89,1191.57,3349.65,1177.13
0,3,3348.77,1192.03,3352.39,1178.14
0,3,3351.62,1192.48,3355.09,1179.14
0,3,3354.42,1192.91,3357.75,1180.13
0,3,3357.17,1193.34,3360.36,1181.1
0,3,3359.88,1193.75,3362.92,1182.07
0,3,3362.54,1194.14,3365.44,1183.02
0,3,3365.14,1194.53,3367.89,1183.95
0,3,3367.68,1194.9,3370.29,1184.87
0,3,3370.16,1195.26,3372.64,1185.77
0,3,3372.59,1195.6,3374.92,1186.65
0,3,3374.94,1195.94,3377.14,1187.51
0,3,3377.23,1196.26,3379.29,1188.35
0,3,3379.45,1196.56,3381.38,1189.16
0,3,3381.6,1196.86,3383.4,1189.95
0,3,3383.68,1197.14,3385.35,1190.72
0,3,3385.67,1197.4,3387.22,1191.47
0,3,3387.59,1197.66,3389.02,1192.18
0,3,3389.43,1197.9,3390.74,1192.87
0,3,3391.19,1198.13,3392.39,1193.53
0,3,3392.86,1198.34,3393.95,1194.16
0,3,3394.45,1198.54,3395.44,1194.76
0,3,3395.95,1198.73,3396.84,1195.32
0,3,3397.36,1198.91,3398.15,1195.86
0,3,3398.68,1199.07,3399.39,1196.36
0,3,3399.91,1199.22,3400.53,1196.83
0,3,3401.04,1199.36,3401.59,1197.26
0,3,3402.08,1199.48,3402.56,1197.66
0,3,3403.03,1199.6,3403.44,1198.02
0,3,3403.87,1199.7,3404.23,1198.35
0,3,3404.62,1199.79,3404.92,1198.64
0,3,3405.28,1199.86,3405.53,1198.89
0,3,3405.83,1199.93,3406.04,1199.1
0,3,3406.28,1199.98,3406.46,1199.27
0,3,3406.63,1200.02,3406.79,1199.41
0,3,3406.89,1200.05,3407.03,1199.51
0,3,3407.04,1200.07,3407.17,1199.57
0,3,3407.09,1200.07,3407.21,1199.59
0,4,3712.78,1153.2,3712.78,1153.2
0,4,3712.73,1153.77,3712.93,1152.66
0,4,3712.78,1154.34,3713.17,1152.14
0,4,3712.93,1154.92,3713.52,1151.65
0,4,3713.19,1155.51,3713.96,1151.18
0,4,3713.54,1156.11,3714.5,1150.74
0,4,3713.99,1156.72,3715.13,1150.33
0,4,3714.54,1157.33,3715.86,1149.94
0,4,3715.19,1157.96,3716.68,1149.58
0,4,3715.93,1158.59,3717.6,1149.24
0,4,3716.78,1159.23,3718.61,1148.94
0,4,3717.71,1159.87,3719.72,1148.66
0,4,3718.75,1160.52,3720.91,1148.41
0,4,3719.88,1161.17,3722.2,1148.19
0,4,3721.1,1161.82,3723.57,1148
0,4,3722.41,1162.48,3725.03,1147.84
0,4,3723.82,1163.14,3726.58,1147.71
0,4,3725.31,1163.79,3728.21,1147.61
0,4,3726.9,1164.45,3729.92,1147.54
0,4,3728.56,1165.11,3731.71,1147.51
0,4,3730.32,1165.76,3733.58,1147.5
0,4,3732.15,1166.41,3735.53,1147.52
0,4,3734.07,1167.06,3737.55,1147.58
0,4,3736.07,1167.7,3739.65,1147.67
0,4,3738.14,1168.33,3741.81,1147.79
0,4,3740.29,1168.96,3744.04,1147.95
0,4,3742.51,1169.59,3746.34,1148.13
0,4,3744.8,1170.2,3748.71,1148.35
0,4,3747.16,1170.81,3751.13,1148.6
0,4,3749.59,1171.41,3753.62,1148.88
0,4,3752.08,1171.99,3756.16,1149.19
0,4,3754.63,1172.57,3758.75,1149.53
0,4,3757.24,1173.14,3761.4,1149.9
0,4,3759.91,1173.7,3764.09,1150.3
0,4,3762.63,1174.24,3766.83,1150.73
0,4,3765.4,1174.78,3769.61,1151.19
0,4,3768.22,1175.3,3772.44,1151.67
0,4,3771.08,1175.81,3775.3,1152.19
0,4,3773.98,1176.31,3778.2,1152.72
0,4,3776.92,1176.8,3781.12,1153.28
0,4,3779.9,1177.28,3784.08,1153.87
0,4,3782.91,1177.74,3787.07,1154.47
0,4,3785.95,1178.19,3790.08,1155.1
0,4,3789.01,1178.64,3793.1,1155.75
0,4,3792.1,1179.06,3796.15,1156.42
0,4,3795.21,1179.48,3799.21,1157.1
0,4,3798.34,1179.89,3802.28,1157.8
0,4,3801.47,1180.28,3805.36,1158.52
0,4,3804.62,1180.66,3808.45,1159.25
0,4,3807.78,1181.04,3811.54,1160
0,4,3810.94,1181.4,3814.63,1160.75
0,4,3814.1,1181.75,3817.71,1161.52
0,4,3817.25,1182.09,3820.79,1162.29
0,4,3820.4,1182.42,3823.86,1163.07
0,4,3823.54,1182.74,3826.92,1163.86
0,4,3826.67,1183.05,3829.96,1164.66
0,4,3829.78,1183.34,3832.98,1165.45
0,4,3832.88,1183.63,3835.98,1166.25
0,4,3835.95,1183.91,3838.96,1167.05
0,4,3838.99,1184.18,3841.91,1167.86
0,4,3842.01,1184.44,3844.83,1168.66
0,4,3844.99,1184.69,3847.71,1169.45
0,4,3847.94,1184.94,3850.56,1170.25
0,4,3850.85,1185.17,3853.38,1171.04
0,4,3853.72,1185.39,3856.15,1171.82
0,4,3856.55,1185.61,3858.87,1172.6
0,4,3859.33,1185.81,3861.55,1173.37
0,4,3862.06,1186.01,3864.18,1174.13
0,4,3864.74,1186.2,3866.76,1174.88
0,4,3867.36,1186.38,3869.28,1175.62
0,4,3869.92,1186.55,3871.75,1176.35
0,4,3872.43,1186.72,3874.16,1177.06
0,4,3874.87,1186.87,3876.5,1177.76
0,4,3877.25,1187.02,3878.78,1178.44
0,4,3879.55,1187.16,3880.99,1179.11
0,4,3881.79,1187.29,3883.14,1179.76
0,4,3883.96,1187.42,3885.21,1180.4
0,4,3886.05,1187.53,3887.21,1181.01
0,4,3888.06,1187.64,3889.14,1181.6
0,4,3889.99,1187.75,3890.99,1182.18
0,4,3891.85,1187.84,3892.76,1182.73
0,4,3893.62,1187.93,3894.45,1183.26
0,4,3895.3,1188.02,3896.06,1183.76
0,4,3896.9,1188.09,3897.59,1184.24
0,4,3898.41,1188.16,3899.03,1184.7
0,4,3899.83,1188.23,3900.38,1185.13
0,4,3901.16,1188.29,3901.65,1185.53
0,4,3902.39,1188.34,3902.83,1185.91
0,4,3903.53,1188.39,3903.91,1186.26
0,4,3904.58,1188.44,3904.91,1186.58
0,4,3905.53,1188.48,3905.82,1186.87
0,4,3906.38,1188.51,3906.63,1187.14
0,4,3907.14,1188.54,3907.35,1187.37
0,4,3907.79,1188.57,3907.97,1187.57
0,4,3908.35,1188.59,3908.5,1187.75
0,4,3908.8,1188.6,3908.93,1187.89
0,4,3909.16,1188.62,3909.27,1188
0,4,3909.41,1188.63,3909.51,1188.08
0,4,3909.57,1188.63,3909.66,1188.12
0,4,3909.62,1188.64,3909.71,1188.14
0,5,4212.03,1160.15,4212.03,1160.15
0,5,4212.06,1160.72,4212.11,1159.59
0,5,4212.19,1161.27,4212.28,1159.05
0,5,4212.43,1161.83,4212.55,1158.51
0,5,4212.76,1162.38,4212.92,1157.99
0,5,4213.19,1162.92,4213.39,1157.47
0,5,4213.72,1163.46,4213.96,1156.98
0,5,4214.35,1164,4214.63,1156.49
0,5,4215.08,1164.53,4215.39,1156.02
0,5,4215.91,1165.05,4216.26,1155.56
0,5,4216.83,1165.56,4217.22,1155.12
0,5,4217.85,1166.07,4218.27,1154.69
0,5,4218.97,1166.56,4219.42,1154.27
0,5,4220.17,1167.05,4220.66,1153.88
0,5,4221.48,1167.53,4221.99,1153.5
0,5,4222.87,1167.99,4223.42,1153.13
0,5,4224.35,1168.45,4224.93,1152.79
0,5,4225.92,1168.89,4226.53,1152.46
0,5,4227.58,1169.32,4228.22,1152.16
0,5,4229.32,1169.74,4229.98,1151.87
0,5,4231.15,1170.14,4231.84,1151.6
0,5,4233.06,1170.53,4233.77,1151.36
0,5,4235.05,1170.9,4235.78,1151.13
0,5,4237.11,1171.26,4237.87,1150.93
0,5,4239.26,1171.6,4240.03,1150.75
0,5,4241.47,1171.92,4242.26,1150.59
0,5,4243.76,1172.23,4244.56,1150.45
0,5,4246.11,1172.52,4246.93,1150.34
0,5,4248.54,1172.79,4249.37,1150.24
0,5,4251.02,1173.04,4251.87,1150.18
0,5,4253.57,1173.28,4254.43,1150.13
0,5,4256.18,1173.5,4257.04,1150.11
0,5,4258.84,1173.69,4259.72,1150.1
0,5,4261.56,1173.87,4262.44,1150.13
0,5,4264.33,1174.04,4265.21,1150.17
0,5,4267.15,1174.18,4268.03,1150.23
0,5,4270.01,1174.31,4270.9,1150.32
0,5,4272.91,1174.41,4273.8,1150.43
0,5,4275.86,1174.5,4276.74,1150.55
0,5,4278.84,1174.58,4279.72,1150.7
0,5,4281.85,1174.63,4282.73,1150.87
0,5,4284.9,1174.67,4285.77,1151.05
0,5,4287.97,1174.7,4288.84,1151.25
0,5,4291.07,1174.71,4291.93,1151.47
0,5,4294.19,1174.7,4295.04,1151.71
0,5,4297.32,1174.68,4298.16,1151.96
0,5,4300.48,1174.65,4301.3,1152.23
0,5,4303.64,1174.6,4304.45,1152.51
0,5,4306.81,1174.54,4307.61,1152.8
0,5,4309.99,1174.47,4310.78,1153.11
0,5,4313.16,1174.38,4313.94,1153.43
0,5,4316.34,1174.29,4317.1,1153.75
0,5,4319.51,1174.19,4320.26,1154.09
0,5,4322.68,1174.07,4323.41,1154.44
0,5,4325.83,1173.95,4326.54,1154.79
0,5,4328.97,1173.82,4329.66,1155.15
0,5,4332.1,1173.68,4332.77,1155.52
0,5,4335.2,1173.54,4335.85,1155.9
0,5,4338.28,1173.39,4338.91,1156.27
0,5,4341.33,1173.23,4341.94,1156.66
0,5,4344.35,1173.07,4344.95,1157.04
0,5,4347.34,1172.9,4347.92,1157.43
0,5,4350.3,1172.73,4350.85,1157.82
0,5,4353.21,1172.55,4353.74,1158.21
0,5,4356.09,1172.37,4356.6,1158.6
0,5,4358.92,1172.19,4359.4,1158.99
0,5,4361.7,1172.01,4362.17,1159.38
0,5,4364.43,1171.82,4364.88,1159.76
0,5,4367.11,1171.64,4367.53,1160.15
0,5,4369.73,1171.45,4370.13,1160.53
0,5,4372.29,1171.26,4372.68,1160.9
0,5,4374.8,1171.08,4375.16,1161.27
0,5,4377.24,1170.89,4377.58,1161.64
0,5,4379.61,1170.71,4379.93,1162
0,5,4381.91,1170.52,4382.22,1162.35
0,5,4384.15,1170.34,4384.43,1162.7
0,5,4386.31,1170.16,4386.57,1163.04
0,5,4388.4,1169.99,4388.64,1163.36
0,5,4390.4,1169.82,4390.63,1163.68
0,5,4392.33,1169.65,4392.54,1163.99
0,5,4394.18,1169.49,4394.37,1164.29
0,5,4395.95,1169.33,4396.12,1164.58
0,5,4397.63,1169.18,4397.79,1164.86
0,5,4399.22,1169.03,4399.36,1165.12
0,5,4400.72,1168.89,4400.85,1165.37
0,5,4402.14,1168.76,4402.26,1165.61
0,5,4403.46,1168.63,4403.57,1165.83
0,5,4404.69,1168.51,4404.78,1166.04
0,5,4405.83,1168.4,4405.91,1166.24
0,5,4406.87,1168.3,4406.94,1166.41
0,5,4407.82,1168.2,4407.88,1166.58
0,5,4408.67,1168.12,4408.72,1166.73
0,5,4409.42,1168.04,4409.46,1166.86
0,5,4410.07,1167.98,4410.11,1166.97
0,5,4410.63,1167.92,4410.66,1167.07
0,5,4411.08,1167.88,4411.11,1167.15
0,5,4411.43,1167.84,4411.46,1167.21
0,5,4411.69,1167.81,4411.71,1167.25
0,5,4411.84,1167.8,4411.86,1167.28
0,5,4411.89,1167.79,4411.91,1167.29
1,0,1712,1662,1712,1662
1,0,1712.05,1662.56,1712.05,1661.44
1,0,1712.2,1663.12,1712.2,1660.88
1,0,1712.45,1663.66,1712.45,1660.34
1,0,1712.8,1664.2,1712.8,1659.8
1,0,1713.26,1664.73,1713.26,1659.27
1,0,1713.81,1665.25,1713.81,1658.75
1,0,1714.46,1665.76,1714.46,1658.24
1,0,1715.21,1666.26,1715.21,1657.74
1,0,1716.05,1666.75,1716.05,1657.25
1,0,1716.99,1667.23,1716.99,1656.77
1,0,1718.03,1667.69,1718.03,1656.31
1,0,1719.16,1668.15,1719.16,1655.85
1,0,1720.39,1668.59,1720.39,1655.41
1,0,1721.71,1669.02,1721.71,1654.98
1,0,1723.12,1669.43,1723.12,1654.57
1,0,1724.62,1669.83,1724.62,1654.17
1,0,1726.2,1670.22,1726.2,1653.78
1,0,1727.87,1670.59,1727.87,1653.41
1,0,1729.63,1670.94,1729.63,1653.06
1,0,1731.47,1671.28,1731.47,1652.72
1,0,1733.39,1671.59,1733.39,1652.41
1,0,1735.4,1671.89,1735.4,1652.11
1,0,1737.47,1672.17,1737.47,1651.83
1,0,1739.63,1672.43,1739.63,1651.57
1,0,1741.85,1672.68,1741.85,1651.32
1,0,1744.15,1672.9,1744.15,1651.1
1,0,1746.51,1673.1,1746.51,1650.9
1,0,1748.94,1673.28,1748.94,1650.72
1,0,1751.44,1673.44,1751.44,1650.56
1,0,1753.99,1673.58,1753.99,1650.42
1,0,1756.61,1673.7,1756.61,1650.3
1,0,1759.28,1673.8,1759.28,1650.2
1,0,1762,1673.88,1762,1650.12
1,0,1764.77,1673.94,1764.77,1650.06
1,0,1767.59,1673.98,1767.59,1650.02
1,0,1770.46,1674,1770.46,1650
1,0,1773.37,1674,1773.37,1650
1,0,1776.31,1673.98,1776.31,1650.02
1,0,1779.29,1673.95,1779.29,1650.05
1,0,1782.31,1673.89,1782.31,1650.11
1,0,1785.35,1673.82,1785.35,1650.18
1,0,1788.42,1673.73,1788.42,1650.27
1,0,1791.52,1673.62,1791.52,1650.38
1,0,1794.64,1673.5,1794.64,1650.5
1,0,1797.77,1673.37,1797.77,1650.63
1,0,1800.92,1673.22,1800.92,1650.78
1,0,1804.08,1673.05,1804.08,1650.95
1,0,1807.24,1672.88,1807.24,1651.12
1,0,1810.41,1672.69,1810.41,1651.31
1,0,1813.59,1672.49,1813.59,1651.51
1,0,1816.76,1672.28,1816.76,1651.72
1,0,1819.92,1672.05,1819.92,1651.95
1,0,1823.08,1671.82,1823.08,1652.18
1,0,1826.23,1671.59,1826.23,1652.41
1,0,1829.36,1671.34,1829.36,1652.66
1,0,1832.48,1671.09,1832.48,1652.91
1,0,1835.58,1670.83,1835.58,1653.17
1,0,1838.65,1670.56,1838.65,1653.44
1,0,1841.69,1670.29,1841.69,1653.71
1,0,1844.71,1670.02,1844.71,1653.98
1,0,1847.69,1669.74,1847.69,1654.26
1,0,1850.63,1669.46,1850.63,1654.54
1,0,1853.54,1669.18,1853.54,1654.82
1,0,1856.41,1668.89,1856.41,1655.11
1,0,1859.23,1668.61,1859.23,1655.39
1,0,1862,1668.32,1862,1655.68
1,0,1864.72,1668.03,1864.72,1655.97
1,0,1867.39,1667.75,1867.39,1656.25
1,0,1870.01,1667.47,1870.01,1656.53
1,0,1872.56,1667.18,1872.56,1656.82
1,0,1875.06,1666.9,1875.06,1657.1
1,0,1877.49,1666.63,1877.49,1657.37
1,0,1879.85,1666.36,1879.85,1657.64
1,0,1882.15,1666.09,1882.15,1657.91
1,0,1884.37,1665.82,1884.37,1658.18
1,0,1886.53,1665.57,1886.53,1658.43
1,0,1888.6,1665.31,1888.6,1658.69
1,0,1890.61,1665.07,1890.61,1658.93
1,0,1892.53,1664.83,1892.53,1659.17
1,0,1894.37,1664.6,1894.37,1659.4
1,0,1896.13,1664.38,1896.13,1659.62
1,0,1897.8,1664.16,1897.8,1659.84
1,0,1899.38,1663.96,1899.38,1660.04
1,0,1900.88,1663.76,1900.88,1660.24
1,0,1902.29,1663.57,1902.29,1660.43
1,0,1903.61,1663.4,1903.61,1660.6
1,0,1904.84,1663.24,1904.84,1660.76
1,0,1905.97,1663.08,1905.97,1660.92
1,0,1907.01,1662.94,1907.01,1661.06
1,0,1907.95,1662.81,1907.95,1661.19
1,0,1908.79,1662.7,1908.79,1661.3
1,0,1909.54,1662.59,1909.54,1661.41
1,0,1910.19,1662.5,1910.19,1661.5
1,0,1910.74,1662.43,1910.74,1661.57
1,0,1911.2,1662.36,1911.2,1661.64
1,0,1911.55,1662.32,1911.55,1661.68
1,0,1911.8,1662.28,1911.8,1661.72
1,0,1911.95,1662.26,1911.95,1661.74
1,0,1912,1662.25,1912,1661.75
1,1,2212.46,1655.21,2212.46,1655.21
1,1,2212.44,1655.78,2212.59,1654.66
1,1,2212.51,1656.35,2212.81,1654.14
1,1,2212.69,1656.92,2213.14,1653.63
1,1,2212.96,1657.5,2213.56,1653.14
1,1,2213.34,1658.09,2214.08,1652.68
1,1,2213.81,1658.68,2214.69,1652.24
1,1,2214.39,1659.27,2215.41,1651.82
1,1,2215.06,1659.87,2216.22,1651.43
1,1,2215.83,1660.47,2217.12,1651.06
1,1,2216.7,1661.07,2218.12,1650.71
1,1,2217.66,1661.67,2219.21,1650.39
1,1,2218.73,1662.28,2220.39,1650.09
1,1,2219.88,1662.88,2221.67,1649.82
1,1,2221.13,1663.49,2223.03,1649.58
1,1,2222.47,1664.09,2224.49,1649.36
1,1,2223.9,1664.69,2226.02,1649.16
1,1,2225.42,1665.28,2227.65,1649
1,1,2227.02,1665.88,2229.36,1648.86
1,1,2228.72,1666.46,2231.15,1648.75
1,1,2230.5,1667.05,2233.01,1648.67
1,1,2232.36,1667.62,2234.96,1648.61
1,1,2234.3,1668.19,2236.98,1648.59
1,1,2236.32,1668.75,2239.08,1648.59
1,1,2238.42,1669.3,2241.25,1648.63
1,1,2240.59,1669.84,2243.49,1648.69
1,1,2242.84,1670.37,2245.79,1648.78
1,1,2245.15,1670.89,2248.16,1648.9
1,1,2247.53,1671.4,2250.6,1649.05
1,1,2249.98,1671.9,2253.09,1649.23
1,1,2252.5,1672.39,2255.64,1649.44
1,1,2255.07,1672.86,2258.25,1649.67
1,1,2257.7,1673.32,2260.9,1649.94
1,1,2260.39,1673.77,2263.61,1650.23
1,1,2263.13,1674.21,2266.37,1650.55
1,1,2265.92,1674.63,2269.17,1650.89
1,1,2268.75,1675.04,2272.01,1651.26
1,1,2271.63,1675.43,2274.89,1651.65
1,1,2274.55,1675.81,2277.81,1652.07
1,1,2277.51,1676.18,2280.75,1652.51
1,1,2280.51,1676.54,2283.73,1652.98
1,1,2283.53,1676.88,2286.74,1653.46
1,1,2286.59,1677.21,2289.77,1653.97
1,1,2289.67,1677.52,2292.82,1654.49
1,1,2292.77,1677.83,2295.89,1655.03
1,1,2295.89,1678.12,2298.98,1655.59
1,1,2299.03,1678.39,2302.08,1656.17
1,1,2302.19,1678.66,2305.19,1656.76
1,1,2305.35,1678.92,2308.3,1657.37
1,1,2308.51,1679.16,2311.42,1657.98
1,1,2311.69,1679.39,2314.53,1658.61
1,1,2314.86,1679.61,2317.65,1659.25
1,1,2318.02,1679.82,2320.75,1659.9
1,1,2321.18,1680.03,2323.85,1660.56
1,1,2324.34,1680.22,2326.94,1661.22
1,1,2327.47,1680.4,2330.01,1661.89
1,1,2330.59,1680.57,2333.06,1662.56
1,1,2333.7,1680.73,2336.09,1663.24
1,1,2336.78,1680.89,2339.1,1663.92
1,1,2339.83,1681.03,2342.08,1664.6
1,1,2342.85,1681.17,2345.03,1665.28
1,1,2345.84,1681.3,2347.95,1665.96
1,1,2348.8,1681.42,2350.83,1666.64
1,1,2351.72,1681.54,2353.67,1667.31
1,1,2354.6,1681.64,2356.47,1667.99
1,1,2357.43,1681.74,2359.22,1668.65
1,1,2360.22,1681.84,2361.93,1669.31
1,1,2362.95,1681.92,2364.59,1669.96
1,1,2365.64,1682,2367.2,1670.61
1,1,2368.26,1682.08,2369.75,1671.24
1,1,2370.83,1682.14,2372.24,1671.87
1,1,2373.34,1682.2,2374.67,1672.49
1,1,2375.79,1682.26,2377.05,1673.09
1,1,2378.17,1682.31,2379.35,1673.68
1,1,2380.48,1682.36,2381.59,1674.26
1,1,2382.72,1682.4,2383.76,1674.82
1,1,2384.89,1682.44,2385.86,1675.37
1,1,2386.98,1682.47,2387.88,1675.9
1,1,2389,1682.5,2389.83,1676.42
1,1,2390.93,1682.52,2391.7,1676.91
1,1,2392.79,1682.54,2393.5,1677.39
1,1,2394.56,1682.56,2395.21,1677.85
1,1,2396.25,1682.57,2396.83,1678.29
1,1,2397.85,1682.59,2398.38,1678.71
1,1,2399.36,1682.59,2399.84,1679.11
1,1,2400.78,1682.6,2401.21,1679.48
1,1,2402.11,1682.61,2402.49,1679.83
1,1,2403.35,1682.61,2403.68,1680.16
1,1,2404.49,1682.61,2404.78,1680.47
1,1,2405.54,1682.62,2405.79,1680.75
1,1,2406.49,1682.62,2406.71,1681
1,1,2407.34,1682.62,2407.53,1681.23
1,1,2408.1,1682.62,2408.26,1681.44
1,1,2408.75,1682.61,2408.89,1681.62
1,1,2409.31,1682.61,2409.43,1681.77
1,1,2409.77,1682.61,2409.86,1681.89
1,1,2410.12,1682.61,2410.21,1681.99
1,1,2410.37,1682.61,2410.45,1682.06
1,1,2410.53,1682.61,2410.6,1682.1
1,1,2410.58,1682.61,2410.65,1682.11
1,2,2713.26,1650.86,2713.26,1650.86
1,2,2713.18,1651.42,2713.43,1650.32
1,2,2713.21,1651.99,2713.7,1649.81
1,2,2713.33,1652.58,2714.07,1649.34
1,2,2713.55,1653.18,2714.53,1648.89
1,2,2713.87,1653.8,2715.09,1648.48
1,2,2714.3,1654.42,2715.74,1648.09
1,2,2714.82,1655.07,2716.49,1647.74
1,2,2715.43,1655.72,2717.33,1647.42
1,2,2716.15,1656.39,2718.26,1647.13
1,2,2716.96,1657.06,2719.29,1646.88
1,2,2717.87,1657.75,2720.41,1646.65
1,2,2718.87,1658.45,2721.61,1646.46
1,2,2719.97,1659.15,2722.9,1646.3
1,2,2721.16,1659.86,2724.29,1646.18
1,2,2722.44,1660.58,2725.75,1646.09
1,2,2723.81,1661.31,2727.3,1646.03
1,2,2725.27,1662.03,2728.93,1646.01
1,2,2726.82,1662.77,2730.65,1646.02
1,2,2728.45,1663.5,2732.44,1646.07
1,2,2730.17,1664.24,2734.31,1646.15
1,2,2731.98,1664.98,2736.25,1646.27
1,2,2733.86,1665.71,2738.27,1646.43
1,2,2735.82,1666.45,2740.36,1646.62
1,2,2737.86,1667.18,2742.51,1646.84
1,2,2739.98,1667.92,2744.74,1647.1
1,2,2742.17,1668.64,2747.03,1647.4
1,2,2744.43,1669.37,2749.38,1647.73
1,2,2746.76,1670.09,2751.79,1648.09
1,2,2749.15,1670.8,2754.25,1648.49
1,2,2751.61,1671.51,2756.78,1648.92
1,2,2754.14,1672.21,2759.35,1649.39
1,2,2756.72,1672.9,2761.98,1649.89
1,2,2759.35,1673.58,2764.65,1650.42
1,2,2762.04,1674.26,2767.36,1650.98
1,2,2764.78,1674.93,2770.12,1651.57
1,2,2767.57,1675.58,2772.92,1652.19
1,2,2770.41,1676.23,2775.75,1652.83
1,2,2773.28,1676.87,2778.62,1653.51
1,2,2776.2,1677.5,2781.52,1654.21
1,2,2779.15,1678.12,2784.45,1654.93
1,2,2782.13,1678.73,2787.4,1655.68
1,2,2785.15,1679.32,2790.37,1656.45
1,2,2788.19,1679.91,2793.37,1657.25
1,2,2791.25,1680.49,2796.38,1658.06
1,2,2794.34,1681.05,2799.4,1658.89
1,2,2797.44,1681.61,2802.44,1659.74
1,2,2800.55,1682.15,2805.48,1660.6
1,2,2803.68,1682.68,2808.53,1661.48
1,2,2806.81,1683.21,2811.58,1662.37
1,2,2809.95,1683.72,2814.63,1663.27
1,2,2813.09,1684.22,2817.67,1664.19
1,2,2816.23,1684.71,2820.71,1665.11
1,2,2819.36,1685.19,2823.74,1666.04
1,2,2822.48,1685.66,2826.75,1666.97
1,2,2825.59,1686.12,2829.75,1667.91
1,2,2828.68,1686.57,2832.73,1668.85
1,2,2831.76,1687,2835.69,1669.79
1,2,2834.81,1687.43,2838.63,1670.73
1,2,2837.84,1687.84,2841.54,1671.68
1,2,2840.84,1688.25,2844.41,1672.62
1,2,2843.81,1688.64,2847.26,1673.55
1,2,2846.74,1689.03,2850.07,1674.48
1,2,2849.64,1689.4,2852.84,1675.4
1,2,2852.5,1689.76,2855.57,1676.32
1,2,2855.31,1690.11,2858.25,1677.23
1,2,2858.08,1690.45,2860.89,1678.12
1,2,2860.79,1690.78,2863.48,1679.01
1,2,2863.46,1691.09,2866.02,1679.88
1,2,2866.07,1691.4,2868.51,1680.74
1,2,2868.63,1691.69,2870.94,1681.59
1,2,2871.12,1691.98,2873.31,1682.41
1,2,2873.55,1692.25,2875.61,1683.22
1,2,2875.92,1692.51,2877.86,1684.02
1,2,2878.21,1692.76,2880.04,1684.79
1,2,2880.44,1693,2882.15,1685.54
1,2,2882.6,1693.23,2884.19,1686.28
1,2,2884.68,1693.45,2886.16,1686.98
1,2,2886.69,1693.65,2888.05,1687.67
1,2,2888.61,1693.85,2889.88,1688.33
1,2,2890.46,1694.03,2891.62,1688.97
1,2,2892.22,1694.21,2893.28,1689.58
1,2,2893.9,1694.37,2894.86,1690.16
1,2,2895.49,1694.52,2896.37,1690.71
1,2,2897,1694.67,2897.78,1691.24
1,2,2898.41,1694.8,2899.12,1691.73
1,2,2899.74,1694.92,2900.36,1692.19
1,2,2900.97,1695.04,2901.52,1692.63
1,2,2902.11,1695.14,2902.59,1693.03
1,2,2903.15,1695.23,2903.57,1693.4
1,2,2904.1,1695.32,2904.46,1693.73
1,2,2904.95,1695.39,2905.26,1694.03
1,2,2905.7,1695.46,2905.96,1694.3
1,2,2906.35,1695.52,2906.58,1694.53
1,2,2906.91,1695.57,2907.1,1694.73
1,2,2907.36,1695.6,2907.52,1694.89
1,2,2907.72,1695.64,2907.86,1695.02
1,2,2907.97,1695.66,2908.09,1695.11
1,2,2908.12,1695.67,2908.24,1695.16
1,2,2908.17,1695.67,2908.28,1695.18
1,3,3213.37,1650.37,3213.37,1650.37
1,3,3213.29,1650.92,3213.55,1649.83
1,3,3213.31,1651.5,3213.83,1649.33
1,3,3213.43,1652.09,3214.2,1648.86
1,3,3213.64,1652.69,3214.67,1648.42
1,3,3213.96,1653.31,3215.23,1648.01
1,3,3214.37,1653.94,3215.89,1647.63
1,3,3214.89,1654.59,3216.64,1647.28
1,3,3215.5,1655.25,3217.48,1646.97
1,3,3216.21,1655.93,3218.42,1646.69
1,3,3217.01,1656.61,3219.44,1646.45
1,3,3217.91,1657.31,3220.56,1646.23
1,3,3218.91,1658.01,3221.77,1646.05
1,3,3220,1658.73,3223.06,1645.91
1,3,3221.18,1659.45,3224.45,1645.8
1,3,3222.45,1660.18,3225.91,1645.72
1,3,3223.82,1660.92,3227.46,1645.68
1,3,3225.27,1661.66,3229.1,1645.68
1,3,3226.81,1662.41,3230.81,1645.71
1,3,3228.44,1663.16,3232.6,1645.77
1,3,3230.15,1663.92,3234.47,1645.88
1,3,3231.95,1664.67,3236.41,1646.01
1,3,3233.82,1665.43,3238.43,1646.19
1,3,3235.78,1666.19,3240.51,1646.4
1,3,3237.81,1666.94,3242.67,1646.65
1,3,3239.92,1667.69,3244.89,1646.93
1,3,3242.1,1668.44,3247.17,1647.25
1,3,3244.36,1669.19,3249.52,1647.6
1,3,3246.68,1669.93,3251.93,1647.99
1,3,3249.07,1670.67,3254.39,1648.41
1,3,3251.52,1671.4,3256.91,1648.87
1,3,3254.03,1672.13,3259.48,1649.36
1,3,3256.61,1672.85,3262.1,1649.89
1,3,3259.24,1673.56,3264.76,1650.44
1,3,3261.92,1674.26,3267.48,1651.03
1,3,3264.65,1674.95,3270.23,1651.65
1,3,3267.43,1675.64,3273.02,1652.3
1,3,3270.26,1676.32,3275.85,1652.97
1,3,3273.13,1676.98,3278.71,1653.68
1,3,3276.04,1677.64,3281.6,1654.41
1,3,3278.98,1678.29,3284.52,1655.16
1,3,3281.96,1678.93,3287.46,1655.94
1,3,3284.97,1679.56,3290.43,1656.74
1,3,3288,1680.17,3293.41,1657.56
1,3,3291.06,1680.78,3296.42,1658.41
1,3,3294.14,1681.38,3299.43,1659.27
1,3,3297.24,1681.96,3302.46,1660.15
1,3,3300.35,1682.54,3305.49,1661.04
1,3,3303.47,1683.1,3308.53,1661.95
1,3,3306.6,1683.66,3311.57,1662.87
1,3,3309.73,1684.2,3314.61,1663.8
1,3,3312.86,1684.73,3317.65,1664.75
1,3,3316,1685.26,3320.67,1665.7
1,3,3319.12,1685.77,3323.69,1666.66
1,3,3322.24,1686.27,3326.7,1667.62
1,3,3325.34,1686.76,3329.69,1668.59
1,3,3328.43,1687.24,3332.66,1669.56
1,3,3331.5,1687.7,3335.61,1670.53
1,3,3334.55,1688.16,3338.54,1671.51
1,3,3337.58,1688.61,3341.43,1672.48
1,3,3340.57,1689.04,3344.3,1673.45
1,3,3343.54,1689.47,3347.14,1674.41
1,3,3346.47,1689.88,3349.94,1675.37
1,3,3349.36,1690.28,3352.7,1676.32
1,3,3352.21,1690.67,3355.42,1677.26
1,3,3355.02,1691.05,3358.1,1678.2
1,3,3357.78,1691.41,3360.73,1679.12
1,3,3360.5,1691.77,3363.31,1680.03
1,3,3363.16,1692.11,3365.84,1680.93
1,3,3365.77,1692.45,3368.31,1681.81
1,3,3368.32,1692.77,3370.73,1682.68
1,3,3370.81,1693.08,3373.09,1683.53
1,3,3373.24,1693.37,3375.39,1684.37
1,3,3375.6,1693.66,3377.63,1685.18
1,3,3377.9,1693.93,3379.8,1685.98
1,3,3380.12,1694.19,3381.9,1686.75
1,3,3382.28,1694.44,3383.94,1687.51
1,3,3384.36,1694.68,3385.9,1688.23
1,3,3386.36,1694.91,3387.79,1688.94
1,3,3388.29,1695.12,3389.6,1689.62
1,3,3390.13,1695.33,3391.34,1690.27
1,3,3391.89,1695.52,3393,1690.9
1,3,3393.57,1695.7,3394.57,1691.5
1,3,3395.16,1695.87,3396.07,1692.06
1,3,3396.66,1696.03,3397.48,1692.6
1,3,3398.08,1696.17,3398.81,1693.11
1,3,3399.4,1696.31,3400.05,1693.59
1,3,3400.63,1696.44,3401.2,1694.03
1,3,3401.77,1696.55,3402.27,1694.45
1,3,3402.81,1696.66,3403.25,1694.82
1,3,3403.75,1696.75,3404.13,1695.17
1,3,3404.6,1696.83,3404.93,1695.48
1,3,3405.36,1696.91,3405.63,1695.75
1,3,3406.01,1696.97,3406.24,1695.99
1,3,3406.56,1697.02,3406.76,1696.19
1,3,3407.02,1697.07,3407.19,1696.36
1,3,3407.37,1697.1,3407.52,1696.49
1,3,3407.62,1697.13,3407.75,1696.58
1,3,3407.77,1697.14,3407.89,1696.64
1,3,3407.82,1697.15,3407.94,1696.66
1,4,3712.66,1653.89,3712.66,1653.89
1,4,3712.62,1654.45,3712.8,1653.35
1,4,3712.68,1655.03,3713.04,1652.82
1,4,3712.84,1655.6,3713.38,1652.33
1,4,3713.1,1656.19,3713.81,1651.85
1,4,3713.46,1656.79,3714.34,1651.41
1,4,3713.92,1657.39,3714.97,1650.98
1,4,3714.48,1658,3715.7,1650.58
1,4,3715.13,1658.61,3716.51,1650.21
1,4,3715.89,1659.23,3717.43,1649.86
1,4,3716.74,1659.86,3718.44,1649.54
1,4,3717.69,1660.49,3719.54,1649.25
1,4,3718.73,1661.12,3720.73,1648.99
1,4,3719.87,1661.76,3722.01,1648.75
1,4,3721.1,1662.39,3723.38,1648.54
1,4,3722.43,1663.03,3724.84,1648.36
1,4,3723.84,1663.67,3726.38,1648.21
1,4,3725.34,1664.31,3728.01,1648.08
1,4,3726.93,1664.94,3729.72,1647.99
1,4,3728.61,1665.57,3731.51,1647.93
1,4,3730.37,1666.2,3733.38,1647.9
1,4,3732.22,1666.83,3735.33,1647.9
1,4,3734.14,1667.45,3737.35,1647.93
1,4,3736.15,1668.06,3739.45,1647.99
1,4,3738.23,1668.67,3741.61,1648.08
1,4,3740.39,1669.27,3743.85,1648.2
1,4,3742.62,1669.86,3746.15,1648.35
1,4,3744.92,1670.44,3748.52,1648.54
1,4,3747.29,1671.01,3750.95,1648.75
1,4,3749.72,1671.58,3753.43,1649
1,4,3752.22,1672.13,3755.98,1649.27
1,4,3754.78,1672.67,3758.58,1649.58
1,4,3757.4,1673.21,3761.23,1649.91
1,4,3760.07,1673.73,3763.93,1650.27
1,4,3762.8,1674.23,3766.67,1650.67
1,4,3765.58,1674.73,3769.46,1651.08
1,4,3768.4,1675.21,3772.29,1651.53
1,4,3771.27,1675.69,3775.16,1652
1,4,3774.18,1676.14,3778.07,1652.5
1,4,3777.13,1676.59,3781,1653.02
1,4,3780.11,1677.03,3783.97,1653.56
1,4,3783.13,1677.45,3786.96,1654.12
1,4,3786.17,1677.86,3789.98,1654.71
1,4,3789.24,1678.26,3793.01,1655.32
1,4,3792.34,1678.64,3796.07,1655.94
1,4,3795.45,1679.02,3799.14,1656.58
1,4,3798.58,1679.38,3802.22,1657.24
1,4,3801.73,1679.73,3805.31,1657.92
1,4,3804.88,1680.07,3808.41,1658.6
1,4,3808.04,1680.4,3811.51,1659.31
1,4,3811.2,1680.71,3814.6,1660.02
1,4,3814.37,1681.02,3817.7,1660.74
1,4,3817.53,1681.31,3820.79,1661.47
1,4,3820.68,1681.6,3823.87,1662.21
1,4,3823.83,1681.88,3826.94,1662.96
1,4,3826.96,1682.14,3829.99,1663.71
1,4,3830.07,1682.4,3833.02,1664.46
1,4,3833.17,1682.64,3836.03,1665.22
1,4,3836.24,1682.88,3839.02,1665.98
1,4,3839.29,1683.11,3841.98,1666.74
1,4,3842.31,1683.32,3844.91,1667.5
1,4,3845.3,1683.53,3847.81,1668.26
1,4,3848.25,1683.73,3850.67,1669.01
1,4,3851.17,1683.93,3853.49,1669.76
1,4,3854.04,1684.11,3856.27,1670.51
1,4,3856.87,1684.29,3859.01,1671.25
1,4,3859.65,1684.45,3861.7,1671.98
1,4,3862.38,1684.61,3864.34,1672.7
1,4,3865.06,1684.76,3866.93,1673.42
1,4,3867.69,1684.91,3869.46,1674.12
1,4,3870.26,1685.04,3871.94,1674.81
1,4,3872.76,1685.17,3874.35,1675.49
1,4,3875.21,1685.29,3876.71,1676.16
1,4,3877.58,1685.41,3879,1676.81
1,4,3879.89,1685.52,3881.22,1677.45
1,4,3882.13,1685.62,3883.37,1678.07
1,4,3884.3,1685.71,3885.46,1678.67
1,4,3886.39,1685.8,3887.47,1679.26
1,4,3888.41,1685.88,3889.4,1679.83
1,4,3890.34,1685.96,3891.26,1680.37
1,4,3892.19,1686.03,3893.04,1680.9
1,4,3893.96,1686.09,3894.74,1681.41
1,4,3895.65,1686.15,3896.35,1681.89
1,4,3897.25,1686.21,3897.88,1682.35
1,4,3898.76,1686.26,3899.33,1682.78
1,4,3900.18,1686.3,3900.69,1683.2
1,4,3901.51,1686.34,3901.96,1683.58
1,4,3902.75,1686.38,3903.15,1683.94
1,4,3903.89,1686.41,3904.24,1684.28
1,4,3904.94,1686.44,3905.24,1684.58
1,4,3905.89,1686.47,3906.15,1684.86
1,4,3906.74,1686.49,3906.97,1685.12
1,4,3907.49,1686.51,3907.69,1685.34
1,4,3908.15,1686.53,3908.31,1685.53
1,4,3908.71,1686.54,3908.84,1685.7
1,4,3909.16,1686.55,3909.28,1685.83
1,4,3909.52,1686.56,3909.62,1685.94
1,4,3909.77,1686.57,3909.86,1686.01
1,4,3909.92,1686.57,3910.01,1686.06
1,4,3909.97,1686.57,3910.06,1686.07
1,5,4212.03,1660.3,4212.03,1660.3
1,5,4212.06,1660.86,4212.1,1659.74
1,5,4212.19,1661.42,4212.27,1659.19
1,5,4212.42,1661.97,4212.54,1658.65
1,5,4212.76,1662.52,4212.91,1658.13
1,5,4213.19,1663.07,4213.38,1657.62
1,5,4213.72,1663.61,4213.95,1657.12
1,5,4214.36,1664.14,4214.61,1656.63
1,5,4215.09,1664.66,4215.38,1656.15
1,5,4215.92,1665.18,4216.24,1655.69
1,5,4216.84,1665.69,4217.2,1655.25
1,5,4217.86,1666.19,4218.25,1654.81
1,5,4218.98,1666.69,4219.4,1654.4
1,5,4220.19,1667.17,4220.64,1654
1,5,4221.49,1667.64,4221.97,1653.61
1,5,4222.89,1668.11,4223.39,1653.25
1,5,4224.37,1668.56,4224.9,1652.9
1,5,4225.94,1669,4226.5,1652.57
1,5,4227.6,1669.42,4228.19,1652.26
1,5,4229.35,1669.83,4229.96,1651.96
1,5,4231.18,1670.23,4231.81,1651.69
1,5,4233.08,1670.61,4233.74,1651.44
1,5,4235.07,1670.98,4235.75,1651.21
1,5,4237.14,1671.33,4237.83,1651
1,5,4239.28,1671.67,4239.99,1650.81
1,5,4241.5,1671.98,4242.23,1650.65
1,5,4243.79,1672.28,4244.53,1650.5
1,5,4246.15,1672.57,4246.9,1650.38
1,5,4248.57,1672.83,4249.34,1650.28
1,5,4251.06,1673.08,4251.83,1650.21
1,5,4253.6,1673.3,4254.39,1650.15
1,5,4256.21,1673.51,4257.01,1650.12
1,5,4258.88,1673.7,4259.68,1650.11
1,5,4261.6,1673.88,4262.4,1650.12
1,5,4264.37,1674.03,4265.18,1650.16
1,5,4267.18,1674.16,4268,1650.22
1,5,4270.05,1674.28,4270.86,1650.29
1,5,4272.95,1674.38,4273.77,1650.39
1,5,4275.9,1674.46,4276.71,1650.51
1,5,4278.88,1674.53,4279.69,1650.65
1,5,4281.89,1674.57,4282.7,1650.81
1,5,4284.94,1674.61,4285.74,1650.98
1,5,4288.01,1674.62,4288.81,1651.18
1,5,4291.11,1674.62,4291.9,1651.39
1,5,4294.22,1674.61,4295.01,1651.61
1,5,4297.36,1674.58,4298.13,1651.86
1,5,4300.51,1674.53,4301.28,1652.11
1,5,4303.67,1674.48,4304.43,1652.39
1,5,4306.85,1674.41,4307.59,1652.67
1,5,4310.02,1674.33,4310.75,1652.97
1,5,4313.2,1674.24,4313.91,1653.27
1,5,4316.38,1674.13,4317.08,1653.59
1,5,4319.55,1674.02,4320.23,1653.92
1,5,4322.71,1673.9,4323.38,1654.26
1,5,4325.87,1673.77,4326.52,1654.6
1,5,4329.01,1673.63,4329.64,1654.96
1,5,4332.13,1673.48,4332.75,1655.32
1,5,4335.23,1673.33,4335.83,1655.68
1,5,4338.31,1673.17,4338.89,1656.05
1,5,4341.36,1673,4341.93,1656.42
1,5,4344.39,1672.83,4344.93,1656.8
1,5,4347.38,1672.65,4347.9,1657.18
1,5,4350.33,1672.47,4350.84,1657.56
1,5,4353.24,1672.29,4353.73,1657.94
1,5,4356.12,1672.1,4356.59,1658.32
1,5,4358.95,1671.91,4359.4,1658.7
1,5,4361.73,1671.72,4362.16,1659.09
1,5,4364.46,1671.53,4364.87,1659.46
1,5,4367.14,1671.33,4367.53,1659.84
1,5,4369.76,1671.14,4370.13,1660.21
1,5,4372.32,1670.94,4372.67,1660.58
1,5,4374.82,1670.75,4375.16,1660.94
1,5,4377.26,1670.55,4377.58,1661.3
1,5,4379.63,1670.36,4379.93,1661.66
1,5,4381.94,1670.17,4382.22,1662
1,5,4384.17,1669.99,4384.43,1662.34
1,5,4386.33,1669.8,4386.58,1662.67
1,5,4388.42,1669.62,4388.64,1663
1,5,4390.43,1669.44,4390.64,1663.31
1,5,4392.36,1669.27,4392.55,1663.61
1,5,4394.2,1669.1,4394.38,1663.91
1,5,4395.97,1668.94,4396.13,1664.19
1,5,4397.65,1668.78,4397.79,1664.46
1,5,4399.24,1668.63,4399.37,1664.72
1,5,4400.74,1668.48,4400.86,1664.97
1,5,4402.16,1668.35,4402.27,1665.2
1,5,4403.48,1668.22,4403.58,1665.42
1,5,4404.71,1668.09,4404.8,1665.63
1,5,4405.85,1667.98,4405.92,1665.82
1,5,4406.89,1667.87,4406.96,1665.99
1,5,4407.84,1667.78,4407.89,1666.15
1,5,4408.69,1667.69,4408.73,1666.3
1,5,4409.44,1667.61,4409.48,1666.43
1,5,4410.09,1667.55,4410.12,1666.54
1,5,4410.64,1667.49,4410.67,1666.63
1,5,4411.1,1667.44,4411.12,1666.71
1,5,4411.45,1667.4,4411.47,1666.77
1,5,4411.7,1667.38,4411.72,1666.82
1,5,4411.85,1667.36,4411.87,1666.84
1,5,4411.9,1667.36,4411.92,1666.85
2,0,1712,2162,1712,2162
2,0,1712.05,2162.56,1712.05,2161.44
2,0,1712.2,2163.12,1712.2,2160.88
2,0,1712.45,2163.66,1712.45,2160.34
2,0,1712.8,2164.2,1712.8,2159.8
2,0,1713.26,2164.73,1713.26,2159.27
2,0,1713.81,2165.25,1713.81,2158.75
2,0,1714.46,2165.76,1714.46,2158.24
2,0,1715.21,2166.26,1715.21,2157.74
2,0,1716.05,2166.75,1716.05,2157.25
2,0,1716.99,2167.23,1716.99,2156.77
2,0,1718.03,2167.69,1718.03,2156.31
2,0,1719.16,2168.15,1719.16,2155.85
2,0,1720.39,2168.59,1720.39,2155.41
2,0,1721.71,2169.02,1721.71,2154.98
2,0,1723.12,2169.43,1723.12,2154.57
2,0,1724.62,2169.83,1724.62,2154.17
2,0,1726.2,2170.22,1726.2,2153.78
2,0,1727.87,2170.59,1727.87,2153.41
2,0,1729.63,2170.94,1729.63,2153.06
2,0,1731.47,2171.28,1731.47,2152.72
2,0,1733.39,2171.59,1733.39,2152.41
2,0,1735.4,2171.89,1735.4,2152.11
2,0,1737.47,2172.17,1737.47,2151.83
2,0,1739.63,2172.43,1739.63,2151.57
2,0,1741.85,2172.68,1741.85,2151.32
2,0,1744.15,2172.9,1744.15,2151.1
2,0,1746.51,2173.1,1746.51,2150.9
2,0,1748.94,2173.28,1748.94,2150.72
2,0,1751.44,2173.44,1751.44,2150.56
2,0,1753.99,2173.58,1753.99,2150.42
2,0,1756.61,2173.7,1756.61,2150.3
2,0,1759.28,2173.8,1759.28,2150.2
2,0,1762,2173.88,1762,2150.12
2,0,1764.77,2173.94,1764.77,2150.06
2,0,1767.59,2173.98,1767.59,2150.02
2,0,1770.46,2174,1770.46,2150
2,0,1773.37,2174,1773.37,2150
2,0,1776.31,2173.98,1776.31,2150.02
2,0,1779.29,2173.95,1779.29,2150.05
2,0,1782.31,2173.89,1782.31,2150.11
2,0,1785.35,2173.82,1785.35,2150.18
2,0,1788.42,2173.73,1788.42,2150.27
2,0,1791.52,2173.62,1791.52,2150.38
2,0,1794.64,2173.5,1794.64,2150.5
2,0,1797.77,2173.37,1797.77,2150.63
2,0,1800.92,2173.22,1800.92,2150.78
2,0,1804.08,2173.05,1804.08,2150.95
2,0,1807.24,2172.88,1807.24,2151.12
2,0,1810.41,2172.69,1810.41,2151.31
2,0,1813.59,2172.49,1813.59,2151.51
2,0,1816.76,2172.28,1816.76,2151.72
2,0,1819.92,2172.05,1819.92,2151.95
2,0,1823.08,2171.82,1823.08,2152.18
2,0,1826.23,2171.59,1826.23,2152.41
2,0,1829.36,2171.34,1829.36,2152.66
2,0,1832.48,2171.09,1832.48,2152.91
2,0,1835.58,2170.83,1835.58,2153.17
2,0,1838.65,2170.56,1838.65,2153.44
2,0,1841.69,2170.29,1841.69,2153.71
2,0,1844.71,2170.02,1844.71,2153.98
2,0,1847.69,2169.74,1847.69,2154.26
2,0,1850.63,2169.46,1850.63,2154.54
2,0,1853.54,2169.18,1853.54,2154.82
2,0,1856.41,2168.89,1856.41,2155.11
2,0,1859.23,2168.61,1859.23,2155.39
2,0,1862,2168.32,1862,2155.68
2,0,1864.72,2168.03,1864.72,2155.97
2,0,1867.39,2167.75,1867.39,2156.25
2,0,1870.01,2167.47,1870.01,2156.53
2,0,1872.56,2167.18,1872.56,2156.82
2,0,1875.06,2166.9,1875.06,2157.1
2,0,1877.49,2166.63,1877.49,2157.37
2,0,1879.85,2166.36,1879.85,2157.64
2,0,1882.15,2166.09,1882.15,2157.91
2,0,1884.37,2165.82,1884.37,2158.18
2,0,1886.53,2165.57,1886.53,2158.43
2,0,1888.6,2165.31,1888.6,2158.69
2,0,1890.61,2165.07,1890.61,2158.93
2,0,1892.53,2164.83,1892.53,2159.17
2,0,1894.37,2164.6,1894.37,2159.4
2,0,1896.13,2164.38,1896.13,2159.62
2,0,1897.8,2164.16,1897.8,2159.84
2,0,1899.38,2163.96,1899.38,2160.04
2,0,1900.88,2163.76,1900.88,2160.24
2,0,1902.29,2163.57,1902.29,2160.43
2,0,1903.61,2163.4,1903.61,2160.6
2,0,1904.84,2163.24,1904.84,2160.76
2,0,1905.97,2163.08,1905.97,2160.92
2,0,1907.01,2162.94,1907.01,2161.06
2,0,1907.95,2162.81,1907.95,2161.19
2,0,1908.79,2162.7,1908.79,2161.3
2,0,1909.54,2162.59,1909.54,2161.41
2,0,1910.19,2162.5,1910.19,2161.5
2,0,1910.74,2162.43,1910.74,2161.57
2,0,1911.2,2162.36,1911.2,2161.64
2,0,1911.55,2162.32,1911.55,2161.68
2,0,1911.8,2162.28,1911.8,2161.72
2,0,1911.95,2162.26,1911.95,2161.74
2,0,1912,2162.25,1912,2161.75
2,1,2212.26,2156.86,2212.26,2156.86
2,1,2212.26,2157.42,2212.37,2156.31
2,1,2212.35,2157.99,2212.58,2155.77
2,1,2212.54,2158.56,2212.89,2155.25
2,1,2212.84,2159.13,2213.29,2154.76
2,1,2213.23,2159.7,2213.79,2154.28
2,1,2213.73,2160.27,2214.4,2153.82
2,1,2214.32,2160.85,2215.1,2153.38
2,1,2215.02,2161.42,2215.89,2152.95
2,1,2215.81,2162,2216.78,2152.55
2,1,2216.69,2162.57,2217.77,2152.17
2,1,2217.68,2163.14,2218.85,2151.82
2,1,2218.76,2163.71,2220.02,2151.48
2,1,2219.93,2164.28,2221.29,2151.17
2,1,2221.2,2164.84,2222.64,2150.88
2,1,2222.56,2165.4,2224.09,2150.61
2,1,2224.01,2165.95,2225.62,2150.36
2,1,2225.55,2166.5,2227.24,2150.14
2,1,2227.17,2167.03,2228.94,2149.95
2,1,2228.88,2167.57,2230.72,2149.78
2,1,2230.68,2168.09,2232.59,2149.64
2,1,2232.56,2168.6,2234.53,2149.52
2,1,2234.52,2169.1,2236.55,2149.43
2,1,2236.56,2169.6,2238.65,2149.36
2,1,2238.67,2170.08,2240.82,2149.32
2,1,2240.86,2170.55,2243.06,2149.31
2,1,2243.12,2171,2245.36,2149.33
2,1,2245.45,2171.45,2247.74,2149.37
2,1,2247.85,2171.88,2250.17,2149.44
2,1,2250.32,2172.3,2252.67,2149.53
2,1,2252.85,2172.7,2255.23,2149.66
2,1,2255.43,2173.09,2257.84,2149.8
2,1,2258.08,2173.46,2260.51,2149.98
2,1,2260.78,2173.82,2263.22,2150.18
2,1,2263.53,2174.16,2265.99,2150.41
2,1,2266.33,2174.49,2268.8,2150.66
2,1,2269.18,2174.81,2271.65,2150.93
2,1,2272.07,2175.11,2274.54,2151.23
2,1,2275,2175.39,2277.47,2151.55
2,1,2277.97,2175.66,2280.43,2151.9
2,1,2280.98,2175.92,2283.42,2152.26
2,1,2284.01,2176.16,2286.44,2152.64
2,1,2287.08,2176.38,2289.49,2153.05
2,1,2290.17,2176.6,2292.56,2153.47
2,1,2293.28,2176.8,2295.64,2153.91
2,1,2296.41,2176.98,2298.75,2154.37
2,1,2299.56,2177.16,2301.86,2154.84
2,1,2302.72,2177.32,2304.99,2155.33
2,1,2305.88,2177.47,2308.12,2155.83
2,1,2309.06,2177.61,2311.26,2156.35
2,1,2312.24,2177.73,2314.39,2156.87
2,1,2315.41,2177.85,2317.52,2157.41
2,1,2318.58,2177.96,2320.65,2157.95
2,1,2321.75,2178.05,2323.77,2158.51
2,1,2324.91,2178.14,2326.88,2159.07
2,1,2328.05,2178.22,2329.97,2159.63
2,1,2331.17,2178.28,2333.04,2160.21
2,1,2334.28,2178.35,2336.09,2160.78
2,1,2337.36,2178.4,2339.12,2161.36
2,1,2340.42,2178.44,2342.12,2161.94
2,1,2343.44,2178.48,2345.09,2162.53
2,1,2346.44,2178.51,2348.03,2163.11
2,1,2349.4,2178.53,2350.93,2163.69
2,1,2352.32,2178.55,2353.79,2164.27
2,1,2355.2,2178.56,2356.62,2164.85
2,1,2358.03,2178.57,2359.39,2165.42
2,1,2360.82,2178.57,2362.12,2165.99
2,1,2363.56,2178.56,2364.8,2166.56
2,1,2366.24,2178.55,2367.42,2167.12
2,1,2368.87,2178.54,2370,2167.67
2,1,2371.44,2178.52,2372.51,2168.21
2,1,2373.95,2178.5,2374.96,2168.74
2,1,2376.4,2178.48,2377.35,2169.27
2,1,2378.78,2178.45,2379.67,2169.78
2,1,2381.09,2178.42,2381.93,2170.29
2,1,2383.33,2178.38,2384.12,2170.78
2,1,2385.5,2178.35,2386.23,2171.25
2,1,2387.59,2178.31,2388.27,2171.72
2,1,2389.61,2178.27,2390.24,2172.17
2,1,2391.54,2178.23,2392.13,2172.6
2,1,2393.4,2178.19,2393.93,2173.02
2,1,2395.17,2178.15,2395.66,2173.43
2,1,2396.86,2178.11,2397.3,2173.81
2,1,2398.46,2178.07,2398.86,2174.18
2,1,2399.97,2178.03,2400.33,2174.53
2,1,2401.39,2177.99,2401.71,2174.86
2,1,2402.72,2177.95,2403,2175.17
2,1,2403.95,2177.91,2404.21,2175.46
2,1,2405.1,2177.88,2405.32,2175.72
2,1,2406.14,2177.84,2406.34,2175.97
2,1,2407.09,2177.81,2407.26,2176.2
2,1,2407.95,2177.79,2408.09,2176.4
2,1,2408.7,2177.76,2408.82,2176.58
2,1,2409.36,2177.74,2409.46,2176.73
2,1,2409.91,2177.72,2410,2176.87
2,1,2410.37,2177.7,2410.44,2176.98
2,1,2410.72,2177.69,2410.79,2177.06
2,1,2410.98,2177.68,2411.03,2177.12
2,1,2411.13,2177.67,2411.18,2177.16
2,1,2411.18,2177.67,2411.23,2177.17
2,2,2712.72,2153.54,2712.72,2153.54
2,2,2712.68,2154.1,2712.87,2153
2,2,2712.73,2154.67,2713.11,2152.48
2,2,2712.89,2155.25,2713.45,2151.98
2,2,2713.14,2155.84,2713.89,2151.51
2,2,2713.5,2156.44,2714.42,2151.07
2,2,2713.95,2157.05,2715.05,2150.65
2,2,2714.51,2157.66,2715.78,2150.25
2,2,2715.16,2158.28,2716.6,2149.89
2,2,2715.91,2158.9,2717.52,2149.55
2,2,2716.76,2159.54,2718.53,2149.23
2,2,2717.7,2160.17,2719.63,2148.95
2,2,2718.74,2160.81,2720.82,2148.69
2,2,2719.87,2161.46,2722.1,2148.46
2,2,2721.1,2162.1,2723.48,2148.26
2,2,2722.42,2162.75,2724.93,2148.09
2,2,2723.83,2163.4,2726.48,2147.95
2,2,2725.33,2164.04,2728.11,2147.84
2,2,2726.91,2164.69,2729.82,2147.76
2,2,2728.59,2165.34,2731.61,2147.71
2,2,2730.34,2165.98,2733.48,2147.69
2,2,2732.18,2166.61,2735.43,2147.71
2,2,2734.11,2167.25,2737.45,2147.75
2,2,2736.11,2167.88,2739.55,2147.82
2,2,2738.18,2168.5,2741.71,2147.93
2,2,2740.34,2169.11,2743.95,2148.07
2,2,2742.56,2169.72,2746.25,2148.24
2,2,2744.86,2170.32,2748.61,2148.44
2,2,2747.22,2170.91,2751.04,2148.67
2,2,2749.66,2171.49,2753.53,2148.94
2,2,2752.15,2172.06,2756.07,2149.23
2,2,2754.71,2172.62,2758.67,2149.55
2,2,2757.32,2173.17,2761.31,2149.91
2,2,2759.99,2173.71,2764.01,2150.29
2,2,2762.71,2174.24,2766.75,2150.7
2,2,2765.49,2174.75,2769.54,2151.14
2,2,2768.31,2175.26,2772.37,2151.6
2,2,2771.17,2175.75,2775.23,2152.09
2,2,2774.08,2176.23,2778.13,2152.61
2,2,2777.02,2176.7,2781.06,2153.15
2,2,2780,2177.16,2784.03,2153.72
2,2,2783.02,2177.6,2787.02,2154.3
2,2,2786.06,2178.03,2790.03,2154.91
2,2,2789.13,2178.45,2793.06,2155.54
2,2,2792.22,2178.86,2796.11,2156.18
2,2,2795.33,2179.25,2799.18,2156.85
2,2,2798.46,2179.64,2802.25,2157.53
2,2,2801.6,2180.01,2805.34,2158.23
2,2,2804.75,2180.37,2808.43,2158.94
2,2,2807.91,2180.72,2811.52,2159.66
2,2,2811.07,2181.06,2814.62,2160.39
2,2,2814.23,2181.39,2817.71,2161.14
2,2,2817.39,2181.71,2820.79,2161.89
2,2,2820.54,2182.02,2823.87,2162.65
2,2,2823.68,2182.32,2826.93,2163.42
2,2,2826.81,2182.6,2829.97,2164.19
2,2,2829.93,2182.88,2833,2164.97
2,2,2833.02,2183.15,2836.01,2165.75
2,2,2836.09,2183.41,2838.99,2166.53
2,2,2839.14,2183.66,2841.95,2167.31
2,2,2842.16,2183.9,2844.87,2168.09
2,2,2845.14,2184.13,2847.76,2168.87
2,2,2848.09,2184.35,2850.62,2169.64
2,2,2851.01,2184.56,2853.44,2170.41
2,2,2853.88,2184.77,2856.21,2171.18
2,2,2856.71,2184.96,2858.94,2171.94
2,2,2859.49,2185.15,2861.63,2172.69
2,2,2862.22,2185.33,2864.26,2173.43
2,2,2864.9,2185.5,2866.85,2174.16
2,2,2867.52,2185.66,2869.37,2174.89
2,2,2870.09,2185.81,2871.84,2175.6
2,2,2872.6,2185.96,2874.26,2176.29
2,2,2875.04,2186.1,2876.6,2176.98
2,2,2877.42,2186.23,2878.89,2177.65
2,2,2879.72,2186.36,2881.11,2178.3
2,2,2881.96,2186.47,2883.26,2178.93
2,2,2884.13,2186.58,2885.33,2179.55
2,2,2886.22,2186.69,2887.34,2180.15
2,2,2888.23,2186.78,2889.27,2180.73
2,2,2890.17,2186.87,2891.12,2181.29
2,2,2892.02,2186.96,2892.9,2181.83
2,2,2893.79,2187.03,2894.59,2182.35
2,2,2895.48,2187.1,2896.21,2182.84
2,2,2897.07,2187.17,2897.74,2183.32
2,2,2898.58,2187.23,2899.18,2183.76
2,2,2900,2187.29,2900.54,2184.18
2,2,2901.33,2187.34,2901.81,2184.58
2,2,2902.57,2187.38,2902.99,2184.95
2,2,2903.71,2187.42,2904.08,2185.29
2,2,2904.76,2187.46,2905.08,2185.6
2,2,2905.71,2187.49,2905.98,2185.89
2,2,2906.56,2187.52,2906.8,2186.15
2,2,2907.32,2187.55,2907.52,2186.38
2,2,2907.97,2187.57,2908.14,2186.57
2,2,2908.53,2187.59,2908.67,2186.74
2,2,2908.98,2187.6,2909.11,2186.88
2,2,2909.34,2187.61,2909.44,2186.99
2,2,2909.59,2187.62,2909.69,2187.07
2,2,2909.74,2187.62,2909.83,2187.11
2,2,2909.8,2187.63,2909.88,2187.13
2,3,3212.79,2153.17,3212.79,2153.17
2,3,3212.74,2153.73,3212.94,2152.62
2,3,3212.79,2154.3,3213.18,2152.1
2,3,3212.94,2154.88,3213.53,2151.61
2,3,3213.19,2155.47,3213.97,2151.14
2,3,3213.54,2156.07,3214.5,2150.7
2,3,3213.99,2156.68,3215.14,2150.29
2,3,3214.54,2157.3,3215.87,2149.9
2,3,3215.19,2157.92,3216.69,2149.54
2,3,3215.93,2158.55,3217.61,2149.21
2,3,3216.78,2159.19,3218.62,2148.9
2,3,3217.72,2159.83,3219.73,2148.63
2,3,3218.75,2160.48,3220.92,2148.38
2,3,3219.88,2161.13,3222.21,2148.16
2,3,3221.1,2161.79,3223.58,2147.97
2,3,3222.41,2162.45,3225.04,2147.81
2,3,3223.82,2163.11,3226.59,2147.68
2,3,3225.31,2163.76,3228.22,2147.58
2,3,3226.89,2164.42,3229.93,2147.52
2,3,3228.56,2165.08,3231.72,2147.48
2,3,3230.31,2165.74,3233.59,2147.48
2,3,3232.15,2166.39,3235.54,2147.5
2,3,3234.07,2167.04,3237.56,2147.56
2,3,3236.06,2167.68,3239.66,2147.65
2,3,3238.14,2168.32,3241.82,2147.78
2,3,3240.28,2168.95,3244.06,2147.93
2,3,3242.5,2169.57,3246.36,2148.12
2,3,3244.8,2170.19,3248.72,2148.34
2,3,3247.16,2170.8,3251.14,2148.59
2,3,3249.58,2171.4,3253.63,2148.87
2,3,3252.07,2171.99,3256.17,2149.18
2,3,3254.62,2172.57,3258.76,2149.53
2,3,3257.23,2173.14,3261.41,2149.9
2,3,3259.9,2173.7,3264.1,2150.3
2,3,3262.62,2174.24,3266.84,2150.74
2,3,3265.39,2174.78,3269.62,2151.2
2,3,3268.2,2175.31,3272.45,2151.68
2,3,3271.07,2175.82,3275.31,2152.2
2,3,3273.97,2176.32,3278.2,2152.73
2,3,3276.91,2176.81,3281.13,2153.3
2,3,3279.89,2177.29,3284.09,2153.88
2,3,3282.9,2177.76,3287.07,2154.49
2,3,3285.94,2178.21,3290.08,2155.12
2,3,3289,2178.66,3293.11,2155.78
2,3,3292.09,2179.09,3296.15,2156.44
2,3,3295.2,2179.51,3299.21,2157.13
2,3,3298.32,2179.92,3302.29,2157.84
2,3,3301.46,2180.31,3305.37,2158.56
2,3,3304.61,2180.7,3308.45,2159.29
2,3,3307.76,2181.07,3311.54,2160.04
2,3,3310.92,2181.44,3314.63,2160.79
2,3,3314.08,2181.79,3317.71,2161.56
2,3,3317.24,2182.13,3320.79,2162.34
2,3,3320.39,2182.46,3323.86,2163.12
2,3,3323.53,2182.78,3326.91,2163.91
2,3,3326.65,2183.1,3329.96,2164.71
2,3,3329.77,2183.4,3332.98,2165.51
2,3,3332.86,2183.69,3335.98,2166.31
2,3,3335.93,2183.97,3338.95,2167.12
2,3,3338.97,2184.24,3341.9,2167.92
2,3,3341.99,2184.51,3344.82,2168.72
2,3,3344.97,2184.76,3347.71,2169.52
2,3,3347.92,2185,3350.56,2170.32
2,3,3350.83,2185.24,3353.37,2171.11
2,3,3353.7,2185.47,3356.14,2171.9
2,3,3356.53,2185.68,3358.86,2172.68
2,3,3359.31,2185.89,3361.54,2173.45
2,3,3362.04,2186.09,3364.17,2174.21
2,3,3364.72,2186.28,3366.75,2174.96
2,3,3367.34,2186.46,3369.27,2175.7
2,3,3369.91,2186.64,3371.74,2176.43
2,3,3372.41,2186.8,3374.14,2177.15
2,3,3374.85,2186.96,3376.49,2177.85
2,3,3377.23,2187.11,3378.77,2178.54
2,3,3379.53,2187.25,3380.98,2179.21
2,3,3381.77,2187.39,3383.12,2179.86
2,3,3383.94,2187.51,3385.2,2180.49
2,3,3386.03,2187.63,3387.2,2181.11
2,3,3388.04,2187.74,3389.12,2181.7
2,3,3389.97,2187.85,3390.97,2182.28
2,3,3391.83,2187.95,3392.74,2182.83
2,3,3393.6,2188.04,3394.43,2183.36
2,3,3395.28,2188.12,3396.04,2183.87
2,3,3396.88,2188.2,3397.57,2184.35
2,3,3398.39,2188.27,3399.01,2184.81
2,3,3399.81,2188.34,3400.36,2185.24
2,3,3401.14,2188.4,3401.63,2185.64
2,3,3402.37,2188.45,3402.81,2186.02
2,3,3403.51,2188.5,3403.9,2186.37
2,3,3404.56,2188.55,3404.89,2186.69
2,3,3405.51,2188.59,3405.8,2186.99
2,3,3406.36,2188.62,3406.61,2187.25
2,3,3407.12,2188.65,3407.33,2187.49
2,3,3407.77,2188.68,3407.95,2187.69
2,3,3408.33,2188.7,3408.48,2187.86
2,3,3408.78,2188.72,3408.91,2188
2,3,3409.14,2188.73,3409.25,2188.11
2,3,3409.39,2188.74,3409.49,2188.19
2,3,3409.54,2188.75,3409.64,2188.24
2,3,3409.6,2188.75,3409.68,2188.26
2,4,3712.38,2155.86,3712.38,2155.86
2,4,3712.36,2156.42,3712.5,2155.3
2,4,3712.44,2156.99,3712.72,2154.77
2,4,3712.62,2157.56,3713.03,2154.26
2,4,3712.91,2158.14,3713.45,2153.77
2,4,3713.29,2158.72,3713.96,2153.3
2,4,3713.77,2159.3,3714.57,2152.86
2,4,3714.36,2159.89,3715.28,2152.43
2,4,3715.04,2160.47,3716.08,2152.02
2,4,3715.82,2161.06,3716.98,2151.64
2,4,3716.69,2161.66,3717.98,2151.28
2,4,3717.66,2162.25,3719.06,2150.95
2,4,3718.73,2162.84,3720.24,2150.63
2,4,3719.89,2163.43,3721.51,2150.35
2,4,3721.15,2164.01,3722.88,2150.08
2,4,3722.5,2164.6,3724.32,2149.84
2,4,3723.94,2165.18,3725.86,2149.63
2,4,3725.46,2165.76,3727.48,2149.44
2,4,3727.08,2166.33,3729.19,2149.28
2,4,3728.78,2166.89,3730.98,2149.15
2,4,3730.56,2167.45,3732.84,2149.04
2,4,3732.43,2168,3734.79,2148.96
2,4,3734.38,2168.55,3736.81,2148.91
2,4,3736.41,2169.08,3738.91,2148.89
2,4,3738.51,2169.6,3741.08,2148.9
2,4,3740.69,2170.12,3743.32,2148.93
2,4,3742.95,2170.62,3745.62,2148.99
2,4,3745.27,2171.11,3748,2149.08
2,4,3747.66,2171.59,3750.43,2149.2
2,4,3750.11,2172.06,3752.93,2149.35
2,4,3752.63,2172.51,3755.48,2149.52
2,4,3755.21,2172.95,3758.09,2149.72
2,4,3757.85,2173.38,3760.75,2149.95
2,4,3760.54,2173.79,3763.46,2150.21
2,4,3763.28,2174.19,3766.22,2150.49
2,4,3766.08,2174.58,3769.02,2150.8
2,4,3768.92,2174.95,3771.87,2151.13
2,4,3771.8,2175.31,3774.75,2151.49
2,4,3774.73,2175.65,3777.68,2151.87
2,4,3777.69,2175.98,3780.63,2152.27
2,4,3780.69,2176.3,3783.62,2152.69
2,4,3783.72,2176.6,3786.63,2153.14
2,4,3786.78,2176.89,3789.67,2153.61
2,4,3789.87,2177.16,3792.72,2154.09
2,4,3792.97,2177.43,3795.8,2154.6
2,4,3796.1,2177.68,3798.89,2155.12
2,4,3799.24,2177.91,3802,2155.65
2,4,3802.4,2178.14,3805.11,2156.2
2,4,3805.56,2178.35,3808.24,2156.77
2,4,3808.73,2178.56,3811.36,2157.34
2,4,3811.91,2178.75,3814.48,2157.93
2,4,3815.08,2178.93,3817.61,2158.53
2,4,3818.25,2179.1,3820.72,2159.14
2,4,3821.41,2179.26,3823.83,2159.76
2,4,3824.57,2179.41,3826.92,2160.38
2,4,3827.71,2179.55,3830,2161.01
2,4,3830.83,2179.68,3833.06,2161.64
2,4,3833.93,2179.8,3836.1,2162.28
2,4,3837.01,2179.92,3839.12,2162.92
2,4,3840.07,2180.02,3842.11,2163.56
2,4,3843.09,2180.12,3845.07,2164.21
2,4,3846.09,2180.21,3847.99,2164.85
2,4,3849.05,2180.3,3850.88,2165.49
2,4,3851.97,2180.37,3853.73,2166.13
2,4,3854.84,2180.44,3856.54,2166.76
2,4,3857.68,2180.5,3859.3,2167.39
2,4,3860.47,2180.56,3862.02,2168.02
2,4,3863.2,2180.61,3864.69,2168.63
2,4,3865.89,2180.66,3867.3,2169.25
2,4,3868.52,2180.7,3869.86,2169.85
2,4,3871.09,2180.73,3872.36,2170.44
2,4,3873.6,2180.76,3874.8,2171.03
2,4,3876.04,2180.79,3877.18,2171.6
2,4,3878.42,2180.81,3879.49,2172.16
2,4,3880.73,2180.82,3881.74,2172.71
2,4,3882.98,2180.83,3883.92,2173.24
2,4,3885.14,2180.84,3886.02,2173.76
2,4,3887.24,2180.85,3888.05,2174.27
2,4,3889.25,2180.85,3890.01,2174.76
2,4,3891.19,2180.85,3891.89,2175.23
2,4,3893.04,2180.85,3893.68,2175.69
2,4,3894.82,2180.84,3895.4,2176.13
2,4,3896.5,2180.83,3897.03,2176.54
2,4,3898.1,2180.82,3898.58,2176.94
2,4,3899.61,2180.81,3900.05,2177.32
2,4,3901.04,2180.8,3901.42,2177.68
2,4,3902.37,2180.79,3902.71,2178.01
2,4,3903.6,2180.78,3903.91,2178.33
2,4,3904.74,2180.77,3905.01,2178.62
2,4,3905.79,2180.75,3906.02,2178.89
2,4,3906.74,2180.74,3906.94,2179.13
2,4,3907.6,2180.73,3907.77,2179.35
2,4,3908.35,2180.72,3908.5,2179.54
2,4,3909.01,2180.71,3909.13,2179.71
2,4,3909.56,2180.7,3909.67,2179.86
2,4,3910.02,2180.7,3910.11,2179.97
2,4,3910.37,2180.69,3910.45,2180.06
2,4,3910.63,2180.69,3910.7,2180.13
2,4,3910.78,2180.68,3910.84,2180.17
2,4,3910.83,2180.68,3910.89,2180.18
2,5,4212.02,2160.71,4212.02,2160.71
2,5,4212.05,2161.28,4212.08,2160.15
2,5,4212.19,2161.83,4212.25,2159.6
2,5,4212.43,2162.39,4212.51,2159.06
2,5,4212.76,2162.93,4212.88,2158.54
2,5,4213.2,2163.47,4213.34,2158.02
2,5,4213.74,2164.01,4213.91,2157.51
2,5,4214.38,2164.53,4214.57,2157.02
2,5,4215.11,2165.05,4215.33,2156.54
2,5,4215.94,2165.56,4216.19,2156.07
2,5,4216.87,2166.07,4217.14,2155.62
2,5,4217.9,2166.56,4218.19,2155.18
2,5,4219.02,2167.04,4219.34,2154.75
2,5,4220.23,2167.52,4220.57,2154.34
2,5,4221.54,2167.98,4221.9,2153.95
2,5,4222.94,2168.43,4223.32,2153.57
2,5,4224.43,2168.87,4224.83,2153.21
2,5,4226,2169.3,4226.43,2152.86
2,5,4227.66,2169.71,4228.11,2152.54
2,5,4229.41,2170.1,4229.87,2152.23
2,5,4231.24,2170.49,4231.72,2151.94
2,5,4233.16,2170.85,4233.65,2151.67
2,5,4235.15,2171.2,4235.66,2151.43
2,5,4237.22,2171.54,4237.74,2151.2
2,5,4239.37,2171.85,4239.9,2150.99
2,5,4241.58,2172.15,4242.13,2150.81
2,5,4243.87,2172.43,4244.44,2150.65
2,5,4246.23,2172.7,4246.8,2150.51
2,5,4248.66,2172.94,4249.24,2150.39
2,5,4251.15,2173.17,4251.74,2150.29
2,5,4253.7,2173.37,4254.3,2150.21
2,5,4256.31,2173.56,4256.91,2150.16
2,5,4258.97,2173.73,4259.58,2150.13
2,5,4261.69,2173.88,4262.31,2150.12
2,5,4264.46,2174.01,4265.08,2150.13
2,5,4267.28,2174.12,4267.9,2150.17
2,5,4270.15,2174.21,4270.76,2150.22
2,5,4273.05,2174.29,4273.67,2150.3
2,5,4276,2174.35,4276.62,2150.39
2,5,4278.98,2174.39,4279.59,2150.5
2,5,4282,2174.41,4282.61,2150.64
2,5,4285.04,2174.42,4285.65,2150.79
2,5,4288.11,2174.41,4288.72,2150.95
2,5,4291.21,2174.38,4291.81,2151.14
2,5,4294.33,2174.34,4294.92,2151.34
2,5,4297.46,2174.28,4298.05,2151.56
2,5,4300.61,2174.21,4301.19,2151.79
2,5,4303.78,2174.13,4304.35,2152.03
2,5,4306.95,2174.04,4307.51,2152.29
2,5,4310.12,2173.93,4310.67,2152.56
2,5,4313.3,2173.81,4313.84,2152.84
2,5,4316.48,2173.68,4317,2153.14
2,5,4319.65,2173.54,4320.16,2153.44
2,5,4322.81,2173.39,4323.32,2153.75
2,5,4325.96,2173.24,4326.46,2154.07
2,5,4329.1,2173.07,4329.58,2154.4
2,5,4332.22,2172.9,4332.69,2154.73
2,5,4335.32,2172.72,4335.78,2155.07
2,5,4338.4,2172.53,4338.84,2155.41
2,5,4341.45,2172.34,4341.88,2155.76
2,5,4344.47,2172.14,4344.89,2156.11
2,5,4347.46,2171.94,4347.86,2156.47
2,5,4350.41,2171.74,4350.8,2156.82
2,5,4353.33,2171.53,4353.7,2157.18
2,5,4356.2,2171.32,4356.55,2157.54
2,5,4359.02,2171.11,4359.36,2157.9
2,5,4361.8,2170.89,4362.13,2158.26
2,5,4364.53,2170.68,4364.84,2158.61
2,5,4367.21,2170.46,4367.51,2158.96
2,5,4369.83,2170.24,4370.11,2159.32
2,5,4372.39,2170.03,4372.66,2159.66
2,5,4374.89,2169.81,4375.14,2160.01
2,5,4377.33,2169.6,4377.57,2160.35
2,5,4379.7,2169.39,4379.92,2160.68
2,5,4382,2169.18,4382.21,2161.01
2,5,4384.23,2168.97,4384.43,2161.33
2,5,4386.39,2168.77,4386.58,2161.64
2,5,4388.48,2168.57,4388.65,2161.95
2,5,4390.48,2168.38,4390.64,2162.24
2,5,4392.41,2168.19,4392.56,2162.53
2,5,4394.26,2168,4394.39,2162.81
2,5,4396.02,2167.83,4396.14,2163.08
2,5,4397.7,2167.66,4397.81,2163.33
2,5,4399.29,2167.49,4399.39,2163.58
2,5,4400.79,2167.33,4400.88,2163.81
2,5,4402.21,2167.18,4402.29,2164.04
2,5,4403.53,2167.04,4403.6,2164.25
2,5,4404.76,2166.91,4404.82,2164.44
2,5,4405.89,2166.79,4405.95,2164.62
2,5,4406.93,2166.67,4406.98,2164.79
2,5,4407.88,2166.57,4407.92,2164.94
2,5,4408.73,2166.48,4408.76,2165.08
2,5,4409.48,2166.39,4409.51,2165.2
2,5,4410.13,2166.32,4410.16,2165.31
2,5,4410.68,2166.26,4410.71,2165.4
2,5,4411.14,2166.2,4411.16,2165.48
2,5,4411.49,2166.16,4411.51,2165.53
2,5,4411.74,2166.14,4411.76,2165.58
2,5,4411.89,2166.12,4411.91,2165.6
2,5,4411.94,2166.11,4411.96,2165.61
3,0,1712,2662,1712,2662
3,0,1712.05,2662.56,1712.05,2661.44
3,0,1712.2,2663.12,1712.2,2660.88
3,0,1712.45,2663.66,1712.45,2660.34
3,0,1712.8,2664.2,1712.8,2659.8
3,0,1713.26,2664.73,1713.26,2659.27
3,0,1713.81,2665.25,1713.81,2658.75
3,0,1714.46,2665.76,1714.46,2658.24
3,0,1715.21,2666.26,1715.21,2657.74
3,0,1716.05,2666.75,1716.05,2657.25
3,0,1716.99,2667.23,1716.99,2656.77
3,0,1718.03,2667.69,1718.03,2656.31
3,0,1719.16,2668.15,1719.16,2655.85
3,0,1720.39,2668.59,1720.39,2655.41
3,0,1721.71,2669.02,1721.71,2654.98
3,0,1723.12,2669.43,1723.12,2654.57
3,0,1724.62,2669.83,1724.62,2654.17
3,0,1726.2,2670.22,1726.2,2653.78
3,0,1727.87,2670.59,1727.87,2653.41
3,0,1729.63,2670.94,1729.63,2653.06
3,0,1731.47,2671.28,1731.47,2652.72
3,0,1733.39,2671.59,1733.39,2652.41
3,0,1735.4,2671.89,1735.4,2652.11
3,0,1737.47,2672.17,1737.47,2651.83
3,0,1739.63,2672.43,1739.63,2651.57
3,0,1741.85,2672.68,1741.85,2651.32
3,0,1744.15,2672.9,1744.15,2651.1
3,0,1746.51,2673.1,1746.51,2650.9
3,0,1748.94,2673.28,1748.94,2650.72
3,0,1751.44,2673.44,1751.44,2650.56
3,0,1753.99,2673.58,1753.99,2650.42
3,0,1756.61,2673.7,1756.61,2650.3
3,0,1759.28,2673.8,1759.28,2650.2
3,0,1762,2673.88,1762,2650.12
3,0,1764.77,2673.94,1764.77,2650.06
3,0,1767.59,2673.98,1767.59,2650.02
3,0,1770.46,2674,1770.46,2650
3,0,1773.37,2674,1773.37,2650
3,0,1776.31,2673.98,1776.31,2650.02
3,0,1779.29,2673.95,1779.29,2650.05
3,0,1782.31,2673.89,1782.31,2650.11
3,0,1785.35,2673.82,1785.35,2650.18
3,0,1788.42,2673.73,1788.42,2650.27
3,0,1791.52,2673.62,1791.52,2650.38
3,0,1794.64,2673.5,1794.64,2650.5
3,0,1797.77,2673.37,1797.77,2650.63
3,0,1800.92,2673.22,1800.92,2650.78
3,0,1804.08,2673.05,1804.08,2650.95
3,0,1807.24,2672.88,1807.24,2651.12
3,0,1810.41,2672.69,1810.41,2651.31
3,0,1813.59,2672.49,1813.59,2651.51
3,0,1816.76,2672.28,1816.76,2651.72
3,0,1819.92,2672.05,1819.92,2651.95
3,0,1823.08,2671.82,1823.08,2652.18
3,0,1826.23,2671.59,1826.23,2652.41
3,0,1829.36,2671.34,1829.36,2652.66
3,0,1832.48,2671.09,1832.48,2652.91
3,0,1835.58,2670.83,1835.58,2653.17
3,0,1838.65,2670.56,1838.65,2653.44
3,0,1841.69,2670.29,1841.69,2653.71
3,0,1844.71,2670.02,1844.71,2653.98
3,0,1847.69,2669.74,1847.69,2654.26
3,0,1850.63,2669.46,1850.63,2654.54
3,0,1853.54,2669.18,1853.54,2654.82
3,0,1856.41,2668.89,1856.41,2655.11
3,0,1859.23,2668.61,1859.23,2655.39
3,0,1862,2668.32,1862,2655.68
3,0,1864.72,2668.03,1864.72,2655.97
3,0,1867.39,2667.75,1867.39,2656.25
3,0,1870.01,2667.47,1870.01,2656.53
3,0,1872.56,2667.18,1872.56,2656.82
3,0,1875.06,2666.9,1875.06,2657.1
3,0,1877.49,2666.63,1877.49,2657.37
3,0,1879.85,2666.36,1879.85,2657.64
3,0,1882.15,2666.09,1882.15,2657.91
3,0,1884.37,2665.82,1884.37,2658.18
3,0,1886.53,2665.57,1886.53,2658.43
3,0,1888.6,2665.31,1888.6,2658.69
3,0,1890.61,2665.07,1890.61,2658.93
3,0,1892.53,2664.83,1892.53,2659.17
3,0,1894.37,2664.6,1894.37,2659.4
3,0,1896.13,2664.38,1896.13,2659.62
3,0,1897.8,2664.16,1897.8,2659.84
3,0,1899.38,2663.96,1899.38,2660.04
3,0,1900.88,2663.76,1900.88,2660.24
3,0,1902.29,2663.57,1902.29,2660.43
3,0,1903.61,2663.4,1903.61,2660.6
3,0,1904.84,2663.24,1904.84,2660.76
3,0,1905.97,2663.08,1905.97,2660.92
3,0,1907.01,2662.94,1907.01,2661.06
3,0,1907.95,2662.81,1907.95,2661.19
3,0,1908.79,2662.7,1908.79,2661.3
3,0,1909.54,2662.59,1909.54,2661.41
3,0,1910.19,2662.5,1910.19,2661.5
3,0,1910.74,2662.43,1910.74,2661.57
3,0,1911.2,2662.36,1911.2,2661.64
3,0,1911.55,2662.32,1911.55,2661.68
3,0,1911.8,2662.28,1911.8,2661.72
3,0,1911.95,2662.26,1911.95,2661.74
3,0,1912,2662.25,1912,2661.75
3,1,2212.07,2659.32,2212.07,2659.32
3,1,2212.09,2659.89,2212.15,2658.77
3,1,2212.21,2660.45,2212.33,2658.22
3,1,2212.43,2661.01,2212.61,2657.69
3,1,2212.76,2661.56,2212.99,2657.17
3,1,2213.18,2662.11,2213.47,2656.67
3,1,2213.7,2662.66,2214.05,2656.18
3,1,2214.32,2663.21,2214.73,2655.7
3,1,2215.04,2663.75,2215.5,2655.24
3,1,2215.86,2664.28,2216.37,2654.8
3,1,2216.78,2664.81,2217.34,2654.37
3,1,2217.79,2665.33,2218.4,2653.96
3,1,2218.9,2665.85,2219.55,2653.57
3,1,2220.1,2666.35,2220.8,2653.19
3,1,2221.39,2666.85,2222.14,2652.83
3,1,2222.77,2667.34,2223.57,2652.49
3,1,2224.25,2667.82,2225.09,2652.17
3,1,2225.81,2668.29,2226.69,2651.88
3,1,2227.46,2668.75,2228.38,2651.6
3,1,2229.2,2669.19,2230.16,2651.34
3,1,2231.02,2669.63,2232.01,2651.1
3,1,2232.92,2670.05,2233.95,2650.89
3,1,2234.9,2670.45,2235.96,2650.7
3,1,2236.96,2670.84,2238.05,2650.53
3,1,2239.1,2671.22,2240.22,2650.38
3,1,2241.31,2671.58,2242.45,2650.26
3,1,2243.59,2671.93,2244.76,2650.16
3,1,2245.94,2672.25,2247.13,2650.09
3,1,2248.36,2672.57,2249.57,2650.04
3,1,2250.84,2672.86,2252.07,2650.01
3,1,2253.39,2673.14,2254.63,2650.01
3,1,2255.99,2673.4,2257.24,2650.02
3,1,2258.65,2673.64,2259.91,2650.07
3,1,2261.36,2673.87,2262.64,2650.13
3,1,2264.13,2674.07,2265.41,2650.22
3,1,2266.94,2674.26,2268.23,2650.34
3,1,2269.8,2674.44,2271.09,2650.47
3,1,2272.71,2674.59,2273.99,2650.62
3,1,2275.65,2674.73,2276.93,2650.8
3,1,2278.63,2674.85,2279.91,2651
3,1,2281.64,2674.96,2282.92,2651.21
3,1,2284.69,2675.05,2285.95,2651.45
3,1,2287.76,2675.13,2289.01,2651.7
3,1,2290.85,2675.19,2292.1,2651.97
3,1,2293.97,2675.23,2295.2,2652.26
3,1,2297.11,2675.27,2298.33,2652.56
3,1,2300.26,2675.28,2301.46,2652.88
3,1,2303.42,2675.29,2304.61,2653.22
3,1,2306.59,2675.28,2307.76,2653.56
3,1,2309.77,2675.26,2310.92,2653.92
3,1,2312.95,2675.23,2314.07,2654.29
3,1,2316.13,2675.19,2317.23,2654.67
3,1,2319.3,2675.14,2320.38,2655.06
3,1,2322.47,2675.08,2323.52,2655.46
3,1,2325.63,2675.01,2326.65,2655.87
3,1,2328.77,2674.93,2329.77,2656.28
3,1,2331.89,2674.85,2332.87,2656.7
3,1,2335,2674.75,2335.94,2657.12
3,1,2338.08,2674.65,2339,2657.55
3,1,2341.13,2674.55,2342.02,2657.99
3,1,2344.16,2674.44,2345.02,2658.42
3,1,2347.15,2674.32,2347.98,2658.86
3,1,2350.11,2674.19,2350.91,2659.3
3,1,2353.03,2674.07,2353.79,2659.73
3,1,2355.9,2673.94,2356.64,2660.17
3,1,2358.73,2673.8,2359.44,2660.61
3,1,2361.52,2673.67,2362.19,2661.04
3,1,2364.25,2673.53,2364.9,2661.47
3,1,2366.93,2673.38,2367.55,2661.9
3,1,2369.56,2673.24,2370.14,2662.32
3,1,2372.12,2673.1,2372.68,2662.74
3,1,2374.63,2672.95,2375.16,2663.16
3,1,2377.07,2672.8,2377.57,2663.56
3,1,2379.45,2672.66,2379.92,2663.96
3,1,2381.76,2672.51,2382.19,2664.35
3,1,2383.99,2672.37,2384.4,2664.73
3,1,2386.16,2672.23,2386.54,2665.11
3,1,2388.25,2672.09,2388.6,2665.47
3,1,2390.26,2671.95,2390.59,2665.82
3,1,2392.19,2671.81,2392.49,2666.16
3,1,2394.04,2671.68,2394.32,2666.49
3,1,2395.81,2671.55,2396.06,2666.81
3,1,2397.49,2671.43,2397.72,2667.11
3,1,2399.08,2671.31,2399.29,2667.4
3,1,2400.59,2671.19,2400.78,2667.68
3,1,2402.01,2671.08,2402.18,2667.94
3,1,2403.33,2670.98,2403.48,2668.18
3,1,2404.57,2670.88,2404.7,2668.41
3,1,2405.7,2670.79,2405.82,2668.63
3,1,2406.75,2670.7,2406.85,2668.82
3,1,2407.7,2670.63,2407.78,2669
3,1,2408.55,2670.56,2408.62,2669.16
3,1,2409.3,2670.49,2409.36,2669.31
3,1,2409.95,2670.44,2410.01,2669.43
3,1,2410.51,2670.39,2410.55,2669.54
3,1,2410.96,2670.35,2411,2669.62
3,1,2411.32,2670.32,2411.35,2669.69
3,1,2411.57,2670.3,2411.6,2669.74
3,1,2411.72,2670.29,2411.75,2669.77
3,1,2411.77,2670.28,2411.8,2669.78
3,2,2712.2,2657.58,2712.2,2657.58
3,2,2712.2,2658.15,2712.3,2657.03
3,2,2712.3,2658.71,2712.49,2656.49
3,2,2712.5,2659.28,2712.79,2655.97
3,2,2712.8,2659.85,2713.19,2655.47
3,2,2713.21,2660.41,2713.69,2654.98
3,2,2713.71,2660.98,2714.28,2654.51
3,2,2714.31,2661.54,2714.97,2654.06
3,2,2715.01,2662.11,2715.76,2653.63
3,2,2715.81,2662.67,2716.65,2653.21
3,2,2716.71,2663.23,2717.63,2652.82
3,2,2717.7,2663.79,2718.71,2652.45
3,2,2718.79,2664.34,2719.87,2652.09
3,2,2719.97,2664.89,2721.13,2651.76
3,2,2721.24,2665.43,2722.48,2651.45
3,2,2722.61,2665.97,2723.92,2651.16
3,2,2724.07,2666.5,2725.45,2650.89
3,2,2725.62,2667.03,2727.07,2650.65
3,2,2727.25,2667.54,2728.77,2650.43
3,2,2728.97,2668.05,2730.55,2650.24
3,2,2730.77,2668.54,2732.41,2650.07
3,2,2732.66,2669.03,2734.35,2649.92
3,2,2734.63,2669.5,2736.37,2649.8
3,2,2736.67,2669.97,2738.47,2649.7
3,2,2738.79,2670.42,2740.64,2649.63
3,2,2740.99,2670.85,2742.87,2649.59
3,2,2743.26,2671.28,2745.18,2649.57
3,2,2745.59,2671.69,2747.55,2649.58
3,2,2748,2672.08,2749.99,2649.61
3,2,2750.47,2672.46,2752.49,2649.67
3,2,2753,2672.83,2755.05,2649.76
3,2,2755.6,2673.18,2757.66,2649.87
3,2,2758.25,2673.52,2760.33,2650
3,2,2760.95,2673.84,2763.05,2650.16
3,2,2763.71,2674.14,2765.82,2650.35
3,2,2766.51,2674.43,2768.63,2650.56
3,2,2769.37,2674.7,2771.49,2650.79
3,2,2772.26,2674.96,2774.38,2651.05
3,2,2775.2,2675.2,2777.31,2651.33
3,2,2778.17,2675.43,2780.28,2651.63
3,2,2781.18,2675.64,2783.28,2651.95
3,2,2784.22,2675.83,2786.3,2652.29
3,2,2787.29,2676.02,2789.36,2652.65
3,2,2790.38,2676.18,2792.43,2653.03
3,2,2793.49,2676.34,2795.52,2653.42
3,2,2796.63,2676.48,2798.63,2653.84
3,2,2799.77,2676.61,2801.75,2654.26
3,2,2802.93,2676.72,2804.89,2654.71
3,2,2806.1,2676.83,2808.03,2655.16
3,2,2809.28,2676.92,2811.17,2655.63
3,2,2812.46,2677,2814.31,2656.11
3,2,2815.64,2677.07,2817.45,2656.6
3,2,2818.81,2677.13,2820.59,2657.1
3,2,2821.98,2677.18,2823.71,2657.61
3,2,2825.13,2677.22,2826.83,2658.12
3,2,2828.28,2677.25,2829.93,2658.64
3,2,2831.4,2677.28,2833.01,2659.17
3,2,2834.51,2677.29,2836.07,2659.7
3,2,2837.59,2677.3,2839.1,2660.24
3,2,2840.65,2677.3,2842.11,2660.78
3,2,2843.68,2677.29,2845.09,2661.32
3,2,2846.67,2677.28,2848.04,2661.86
3,2,2849.63,2677.26,2850.95,2662.4
3,2,2852.55,2677.23,2853.82,2662.93
3,2,2855.43,2677.2,2856.65,2663.47
3,2,2858.26,2677.17,2859.43,2664
3,2,2861.05,2677.13,2862.17,2664.53
3,2,2863.79,2677.08,2864.85,2665.06
3,2,2866.47,2677.03,2867.49,2665.58
3,2,2869.1,2676.98,2870.07,2666.09
3,2,2871.67,2676.93,2872.59,2666.6
3,2,2874.18,2676.87,2875.05,2667.1
3,2,2876.63,2676.81,2877.44,2667.59
3,2,2879.01,2676.75,2879.78,2668.07
3,2,2881.32,2676.68,2882.04,2668.54
3,2,2883.56,2676.62,2884.23,2669
3,2,2885.73,2676.55,2886.35,2669.44
3,2,2887.82,2676.48,2888.4,2669.88
3,2,2889.83,2676.41,2890.37,2670.3
3,2,2891.77,2676.34,2892.27,2670.71
3,2,2893.62,2676.28,2894.08,2671.1
3,2,2895.39,2676.21,2895.81,2671.48
3,2,2897.08,2676.14,2897.46,2671.84
3,2,2898.68,2676.08,2899.02,2672.18
3,2,2900.19,2676.02,2900.5,2672.51
3,2,2901.61,2675.96,2901.88,2672.82
3,2,2902.93,2675.9,2903.18,2673.11
3,2,2904.17,2675.84,2904.39,2673.38
3,2,2905.31,2675.79,2905.5,2673.63
3,2,2906.36,2675.74,2906.52,2673.87
3,2,2907.31,2675.7,2907.45,2674.08
3,2,2908.16,2675.66,2908.28,2674.27
3,2,2908.91,2675.62,2909.02,2674.44
3,2,2909.57,2675.59,2909.66,2674.58
3,2,2910.13,2675.56,2910.2,2674.71
3,2,2910.58,2675.54,2910.64,2674.81
3,2,2910.94,2675.52,2910.99,2674.89
3,2,2911.19,2675.51,2911.24,2674.95
3,2,2911.34,2675.5,2911.39,2674.98
3,2,2911.39,2675.5,2911.44,2674.99
3,3,3212.21,2657.39,3212.21,2657.39
3,3,3212.21,2657.95,3212.32,2656.83
3,3,3212.31,2658.52,3212.52,2656.3
3,3,3212.51,2659.08,3212.82,2655.78
3,3,3212.81,2659.65,3213.22,2655.27
3,3,3213.21,2660.22,3213.72,2654.79
3,3,3213.71,2660.79,3214.31,2654.32
3,3,3214.31,2661.35,3215.01,2653.87
3,3,3215.01,2661.92,3215.8,2653.44
3,3,3215.81,2662.49,3216.68,2653.03
3,3,3216.7,2663.05,3217.67,2652.64
3,3,3217.69,2663.61,3218.74,2652.27
3,3,3218.78,2664.17,3219.91,2651.93
3,3,3219.96,2664.72,3221.17,2651.6
3,3,3221.23,2665.27,3222.53,2651.29
3,3,3222.6,2665.82,3223.97,2651.01
3,3,3224.05,2666.35,3225.5,2650.75
3,3,3225.6,2666.88,3227.11,2650.51
3,3,3227.23,2667.4,3228.81,2650.3
3,3,3228.95,2667.92,3230.6,2650.11
3,3,3230.75,2668.42,3232.46,2649.95
3,3,3232.63,2668.91,3234.4,2649.81
3,3,3234.6,2669.4,3236.42,2649.7
3,3,3236.64,2669.87,3238.52,2649.61
3,3,3238.76,2670.32,3240.68,2649.55
3,3,3240.95,2670.77,3242.92,2649.51
3,3,3243.22,2671.2,3245.23,2649.5
3,3,3245.56,2671.62,3247.6,2649.52
3,3,3247.96,2672.03,3250.04,2649.56
3,3,3250.43,2672.42,3252.54,2649.63
3,3,3252.96,2672.79,3255.1,2649.73
3,3,3255.55,2673.16,3257.71,2649.85
3,3,3258.2,2673.5,3260.38,2650
3,3,3260.9,2673.83,3263.1,2650.17
3,3,3263.66,2674.15,3265.86,2650.36
3,3,3266.46,2674.45,3268.67,2650.59
3,3,3269.32,2674.73,3271.53,2650.83
3,3,3272.21,2675,3274.42,2651.1
3,3,3275.14,2675.25,3277.36,2651.39
3,3,3278.12,2675.49,3280.32,2651.7
3,3,3281.12,2675.71,3283.32,2652.03
3,3,3284.16,2675.92,3286.34,2652.39
3,3,3287.23,2676.12,3289.39,2652.76
3,3,3290.32,2676.3,3292.47,2653.15
3,3,3293.43,2676.46,3295.56,2653.56
3,3,3296.57,2676.62,3298.66,2653.98
3,3,3299.72,2676.76,3301.78,2654.42
3,3,3302.88,2676.89,3304.92,2654.88
3,3,3306.05,2677,3308.05,2655.34
3,3,3309.22,2677.11,3311.19,2655.83
3,3,3312.4,2677.2,3314.33,2656.32
3,3,3315.58,2677.28,3317.47,2656.82
3,3,3318.75,2677.36,3320.61,2657.33
3,3,3321.92,2677.42,3323.73,2657.85
3,3,3325.07,2677.47,3326.84,2658.38
3,3,3328.22,2677.52,3329.94,2658.91
3,3,3331.34,2677.55,3333.02,2659.45
3,3,3334.45,2677.58,3336.08,2660
3,3,3337.53,2677.6,3339.11,2660.54
3,3,3340.59,2677.61,3342.12,2661.09
3,3,3343.61,2677.61,3345.09,2661.65
3,3,3346.61,2677.61,3348.04,2662.2
3,3,3349.57,2677.6,3350.94,2662.75
3,3,3352.49,2677.59,3353.81,2663.3
3,3,3355.37,2677.57,3356.64,2663.85
3,3,3358.2,2677.55,3359.42,2664.39
3,3,3360.99,2677.52,3362.16,2664.93
3,3,3363.73,2677.49,3364.84,2665.47
3,3,3366.41,2677.45,3367.47,2666
3,3,3369.04,2677.41,3370.05,2666.52
3,3,3371.61,2677.36,3372.57,2667.04
3,3,3374.12,2677.31,3375.03,2667.55
3,3,3376.57,2677.26,3377.42,2668.05
3,3,3378.95,2677.21,3379.75,2668.53
3,3,3381.26,2677.15,3382.01,2669.01
3,3,3383.5,2677.1,3384.2,2669.48
3,3,3385.67,2677.04,3386.32,2669.94
3,3,3387.76,2676.98,3388.37,2670.38
3,3,3389.77,2676.92,3390.34,2670.81
3,3,3391.71,2676.86,3392.23,2671.22
3,3,3393.56,2676.8,3394.04,2671.62
3,3,3395.33,2676.74,3395.77,2672.01
3,3,3397.02,2676.68,3397.42,2672.38
3,3,3398.62,2676.62,3398.98,2672.73
3,3,3400.13,2676.56,3400.45,2673.06
3,3,3401.55,2676.51,3401.84,2673.37
3,3,3402.88,2676.46,3403.14,2673.67
3,3,3404.11,2676.41,3404.34,2673.95
3,3,3405.26,2676.36,3405.46,2674.2
3,3,3406.3,2676.32,3406.48,2674.44
3,3,3407.25,2676.27,3407.4,2674.65
3,3,3408.1,2676.24,3408.23,2674.85
3,3,3408.86,2676.2,3408.97,2675.02
3,3,3409.51,2676.17,3409.61,2675.17
3,3,3410.07,2676.15,3410.15,2675.3
3,3,3410.53,2676.13,3410.59,2675.4
3,3,3410.88,2676.11,3410.94,2675.48
3,3,3411.13,2676.1,3411.19,2675.54
3,3,3411.29,2676.09,3411.33,2675.58
3,3,3411.34,2676.09,3411.38,2675.59
3,4,3712.1,2658.8,3712.1,2658.8
3,4,3712.12,2659.36,3712.19,2658.24
3,4,3712.23,2659.92,3712.37,2657.7
3,4,3712.45,2660.48,3712.66,2657.17
3,4,3712.76,2661.04,3713.05,2656.66
3,4,3713.18,2661.6,3713.53,2656.16
3,4,3713.7,2662.15,3714.11,2655.67
3,4,3714.31,2662.7,3714.8,2655.21
3,4,3715.03,2663.25,3715.57,2654.76
3,4,3715.84,2663.8,3716.45,2654.32
3,4,3716.75,2664.33,3717.42,2653.9
3,4,3717.76,2664.87,3718.49,2653.5
3,4,3718.86,2665.39,3719.64,2653.12
3,4,3720.05,2665.91,3720.9,2652.76
3,4,3721.34,2666.43,3722.24,2652.41
3,4,3722.72,2666.93,3723.67,2652.09
3,4,3724.19,2667.42,3725.19,2651.79
3,4,3725.75,2667.91,3726.8,2651.51
3,4,3727.39,2668.39,3728.49,2651.24
3,4,3729.13,2668.85,3730.27,2651.01
3,4,3730.94,2669.3,3732.13,2650.79
3,4,3732.84,2669.74,3734.07,2650.6
3,4,3734.82,2670.17,3736.08,2650.42
3,4,3736.87,2670.58,3738.18,2650.28
3,4,3739,2670.98,3740.34,2650.16
3,4,3741.21,2671.36,3742.58,2650.06
3,4,3743.49,2671.73,3744.88,2649.98
3,4,3745.83,2672.08,3747.26,2649.93
3,4,3748.25,2672.42,3749.69,2649.91
3,4,3750.73,2672.74,3752.19,2649.91
3,4,3753.27,2673.05,3754.75,2649.93
3,4,3755.87,2673.33,3757.37,2649.98
3,4,3758.53,2673.6,3760.04,2650.05
3,4,3761.24,2673.86,3762.76,2650.14
3,4,3764,2674.09,3765.53,2650.26
3,4,3766.81,2674.31,3768.35,2650.4
3,4,3769.67,2674.52,3771.21,2650.57
3,4,3772.57,2674.7,3774.11,2650.75
3,4,3775.51,2674.87,3777.05,2650.96
3,4,3778.49,2675.03,3780.02,2651.19
3,4,3781.5,2675.17,3783.03,2651.43
3,4,3784.55,2675.29,3786.06,2651.7
3,4,3787.62,2675.4,3789.12,2651.99
3,4,3790.71,2675.49,3792.2,2652.29
3,4,3793.83,2675.57,3795.3,2652.61
3,4,3796.97,2675.63,3798.42,2652.95
3,4,3800.12,2675.69,3801.55,2653.3
3,4,3803.28,2675.72,3804.7,2653.66
3,4,3806.45,2675.75,3807.85,2654.04
3,4,3809.63,2675.76,3811,2654.44
3,4,3812.81,2675.77,3814.15,2654.84
3,4,3815.99,2675.76,3817.3,2655.25
3,4,3819.16,2675.74,3820.45,2655.67
3,4,3822.33,2675.72,3823.59,2656.11
3,4,3825.49,2675.68,3826.71,2656.55
3,4,3828.63,2675.63,3829.82,2656.99
3,4,3831.75,2675.58,3832.92,2657.44
3,4,3834.86,2675.52,3835.99,2657.9
3,4,3837.94,2675.45,3839.04,2658.36
3,4,3841,2675.38,3842.06,2658.83
3,4,3844.02,2675.3,3845.05,2659.29
3,4,3847.02,2675.21,3848.01,2659.76
3,4,3849.97,2675.12,3850.93,2660.23
3,4,3852.89,2675.02,3853.81,2660.7
3,4,3855.77,2674.92,3856.65,2661.17
3,4,3858.6,2674.82,3859.45,2661.63
3,4,3861.39,2674.71,3862.2,2662.1
3,4,3864.13,2674.6,3864.9,2662.56
3,4,3866.81,2674.49,3867.54,2663.01
3,4,3869.43,2674.37,3870.13,2663.46
3,4,3872,2674.25,3872.67,2663.91
3,4,3874.51,2674.13,3875.14,2664.34
3,4,3876.95,2674.01,3877.55,2664.78
3,4,3879.33,2673.89,3879.89,2665.2
3,4,3881.64,2673.77,3882.16,2665.61
3,4,3883.88,2673.65,3884.37,2666.02
3,4,3886.04,2673.53,3886.5,2666.41
3,4,3888.13,2673.41,3888.56,2666.8
3,4,3890.14,2673.3,3890.54,2667.17
3,4,3892.08,2673.18,3892.44,2667.53
3,4,3893.93,2673.07,3894.26,2667.88
3,4,3895.7,2672.96,3896,2668.22
3,4,3897.38,2672.85,3897.66,2668.54
3,4,3898.98,2672.75,3899.23,2668.85
3,4,3900.49,2672.65,3900.71,2669.14
3,4,3901.9,2672.55,3902.11,2669.41
3,4,3903.23,2672.46,3903.41,2669.67
3,4,3904.46,2672.38,3904.62,2669.91
3,4,3905.6,2672.3,3905.74,2670.14
3,4,3906.65,2672.23,3906.77,2670.35
3,4,3907.6,2672.16,3907.7,2670.53
3,4,3908.45,2672.1,3908.54,2670.7
3,4,3909.2,2672.04,3909.28,2670.85
3,4,3909.86,2671.99,3909.92,2670.99
3,4,3910.41,2671.95,3910.47,2671.1
3,4,3910.87,2671.92,3910.91,2671.19
3,4,3911.22,2671.89,3911.26,2671.26
3,4,3911.47,2671.87,3911.51,2671.31
3,4,3911.63,2671.86,3911.66,2671.34
3,4,3911.68,2671.86,3911.71,2671.35
3,5,4212,2661.33,4212,2661.33
3,5,4212.05,2661.89,4212.06,2660.77
3,5,4212.19,2662.45,4212.22,2660.22
3,5,4212.44,2663,4212.48,2659.68
3,5,4212.78,2663.54,4212.84,2659.14
3,5,4213.22,2664.07,4213.3,2658.62
3,5,4213.77,2664.6,4213.85,2658.11
3,5,4214.41,2665.12,4214.51,2657.61
3,5,4215.15,2665.63,4215.27,2657.12
3,5,4215.99,2666.13,4216.12,2656.64
3,5,4216.93,2666.62,4217.07,2656.17
3,5,4217.96,2667.1,4218.11,2655.72
3,5,4219.08,2667.57,4219.25,2655.28
3,5,4220.3,2668.03,4220.48,2654.85
3,5,4221.62,2668.48,4221.8,2654.44
3,5,4223.02,2668.91,4223.22,2654.05
3,5,4224.51,2669.33,4224.72,2653.67
3,5,4226.09,2669.74,4226.31,2653.3
3,5,4227.76,2670.13,4227.99,2652.96
3,5,4229.52,2670.51,4229.75,2652.63
3,5,4231.35,2670.87,4231.6,2652.32
3,5,4233.27,2671.21,4233.53,2652.03
3,5,4235.27,2671.53,4235.53,2651.75
3,5,4237.34,2671.84,4237.61,2651.5
3,5,4239.49,2672.13,4239.77,2651.27
3,5,4241.71,2672.4,4242,2651.06
3,5,4244,2672.66,4244.3,2650.86
3,5,4246.37,2672.89,4246.66,2650.69
3,5,4248.79,2673.11,4249.1,2650.55
3,5,4251.29,2673.3,4251.59,2650.42
3,5,4253.84,2673.47,4254.15,2650.31
3,5,4256.45,2673.63,4256.77,2650.23
3,5,4259.12,2673.77,4259.44,2650.16
3,5,4261.84,2673.88,4262.16,2650.12
3,5,4264.61,2673.98,4264.93,2650.1
3,5,4267.43,2674.05,4267.75,2650.09
3,5,4270.3,2674.11,4270.62,2650.11
3,5,4273.2,2674.15,4273.53,2650.15
3,5,4276.15,2674.17,4276.47,2650.21
3,5,4279.13,2674.18,4279.45,2650.29
3,5,4282.15,2674.16,4282.47,2650.38
3,5,4285.19,2674.13,4285.51,2650.5
3,5,4288.26,2674.08,4288.58,2650.63
3,5,4291.36,2674.02,4291.67,2650.77
3,5,4294.48,2673.94,4294.79,2650.94
3,5,4297.61,2673.84,4297.92,2651.11
3,5,4300.76,2673.74,4301.06,2651.31
3,5,4303.92,2673.61,4304.22,2651.51
3,5,4307.09,2673.48,4307.38,2651.73
3,5,4310.27,2673.33,4310.55,2651.96
3,5,4313.44,2673.18,4313.72,2652.2
3,5,4316.62,2673.01,4316.89,2652.46
3,5,4319.79,2672.83,4320.05,2652.72
3,5,4322.95,2672.64,4323.21,2652.99
3,5,4326.1,2672.45,4326.35,2653.27
3,5,4329.23,2672.24,4329.48,2653.56
3,5,4332.35,2672.03,4332.6,2653.86
3,5,4335.45,2671.81,4335.69,2654.16
3,5,4338.53,2671.59,4338.76,2654.46
3,5,4341.57,2671.36,4341.8,2654.77
3,5,4344.59,2671.12,4344.81,2655.09
3,5,4347.58,2670.89,4347.78,2655.41
3,5,4350.53,2670.65,4350.73,2655.73
3,5,4353.44,2670.4,4353.63,2656.05
3,5,4356.31,2670.16,4356.49,2656.37
3,5,4359.13,2669.91,4359.31,2656.7
3,5,4361.91,2669.66,4362.08,2657.02
3,5,4364.63,2669.41,4364.79,2657.34
3,5,4367.31,2669.16,4367.46,2657.66
3,5,4369.92,2668.91,4370.07,2657.98
3,5,4372.48,2668.66,4372.62,2658.3
3,5,4374.98,2668.42,4375.11,2658.61
3,5,4377.41,2668.17,4377.54,2658.92
3,5,4379.78,2667.93,4379.9,2659.22
3,5,4382.08,2667.7,4382.19,2659.52
3,5,4384.31,2667.46,4384.41,2659.81
3,5,4386.47,2667.23,4386.56,2660.1
3,5,4388.55,2667.01,4388.64,2660.38
3,5,4390.55,2666.79,4390.63,2660.65
3,5,4392.48,2666.58,4392.55,2660.92
3,5,4394.32,2666.37,4394.39,2661.17
3,5,4396.08,2666.17,4396.15,2661.42
3,5,4397.76,2665.98,4397.82,2661.66
3,5,4399.35,2665.79,4399.4,2661.88
3,5,4400.85,2665.62,4400.89,2662.1
3,5,4402.26,2665.45,4402.3,2662.3
3,5,4403.58,2665.29,4403.62,2662.5
3,5,4404.81,2665.15,4404.84,2662.68
3,5,4405.94,2665.01,4405.97,2662.84
3,5,4406.98,2664.88,4407.01,2663
3,5,4407.93,2664.77,4407.95,2663.14
3,5,4408.77,2664.66,4408.79,2663.27
3,5,4409.52,2664.57,4409.54,2663.38
3,5,4410.17,2664.49,4410.19,2663.48
3,5,4410.72,2664.42,4410.74,2663.56
3,5,4411.18,2664.36,4411.19,2663.63
3,5,4411.53,2664.32,4411.54,2663.69
3,5,4411.78,2664.29,4411.79,2663.73
3,5,4411.93,2664.27,4411.94,2663.75
3,5,4411.98,2664.26,4411.99,2663.76
